-- MySQL dump 10.13  Distrib 9.1.0, for Win64 (x86_64)
--
-- Host: localhost    Database: bd_colegio
-- ------------------------------------------------------
-- Server version	9.1.0

/*!40101 SET @OLD_CHARACTER_SET_CLIENT=@@CHARACTER_SET_CLIENT */;
/*!40101 SET @OLD_CHARACTER_SET_RESULTS=@@CHARACTER_SET_RESULTS */;
/*!40101 SET @OLD_COLLATION_CONNECTION=@@COLLATION_CONNECTION */;
/*!50503 SET NAMES utf8mb4 */;
/*!40103 SET @OLD_TIME_ZONE=@@TIME_ZONE */;
/*!40103 SET TIME_ZONE='+00:00' */;
/*!40014 SET @OLD_UNIQUE_CHECKS=@@UNIQUE_CHECKS, UNIQUE_CHECKS=0 */;
/*!40014 SET @OLD_FOREIGN_KEY_CHECKS=@@FOREIGN_KEY_CHECKS, FOREIGN_KEY_CHECKS=0 */;
/*!40101 SET @OLD_SQL_MODE=@@SQL_MODE, SQL_MODE='NO_AUTO_VALUE_ON_ZERO' */;
/*!40111 SET @OLD_SQL_NOTES=@@SQL_NOTES, SQL_NOTES=0 */;

--
-- Table structure for table `alumnos`
--

DROP TABLE IF EXISTS `alumnos`;
/*!40101 SET @saved_cs_client     = @@character_set_client */;
/*!50503 SET character_set_client = utf8mb4 */;
CREATE TABLE `alumnos` (
  `id` int NOT NULL AUTO_INCREMENT,
  `cedulae` text COLLATE utf8mb4_general_ci COMMENT 'cedula estudiante',
  `id_seccion` int DEFAULT NULL,
  `cedula` int DEFAULT NULL,
  `nombres` text COLLATE utf8mb4_general_ci,
  `apellidos` text COLLATE utf8mb4_general_ci,
  `sexo` varchar(1) COLLATE utf8mb4_general_ci DEFAULT NULL,
  `fechanac` date DEFAULT NULL,
  `foto` text COLLATE utf8mb4_general_ci,
  `estado` int DEFAULT NULL,
  `ciudad` int DEFAULT NULL,
  `municipio` int DEFAULT NULL,
  `parroquia` int DEFAULT NULL,
  `peso` int DEFAULT NULL,
  `camisa` text COLLATE utf8mb4_general_ci,
  `pantalon` text COLLATE utf8mb4_general_ci,
  `calzado` text COLLATE utf8mb4_general_ci,
  `media` text COLLATE utf8mb4_general_ci,
  `codigo` text COLLATE utf8mb4_general_ci,
  `pendiente` text COLLATE utf8mb4_general_ci,
  `canaima` tinyint(1) DEFAULT '0',
  `ced_repre` int DEFAULT NULL,
  `nom_repre` text COLLATE utf8mb4_general_ci,
  `ape_repre` text COLLATE utf8mb4_general_ci,
  `direccion` text COLLATE utf8mb4_general_ci,
  `telefono` text COLLATE utf8mb4_general_ci,
  `correo` text COLLATE utf8mb4_general_ci,
  `cedulam` int DEFAULT NULL COMMENT 'cedula de la mama',
  `nombrem` text COLLATE utf8mb4_general_ci COMMENT 'nombre de la mama',
  `apellidom` text COLLATE utf8mb4_general_ci COMMENT 'apellido de la mama',
  PRIMARY KEY (`id`) USING BTREE,
  UNIQUE KEY `id` (`id`) USING BTREE,
  UNIQUE KEY `cedula` (`cedula`) USING BTREE,
  KEY `id_seccion` (`id_seccion`)
) ENGINE=InnoDB AUTO_INCREMENT=25 DEFAULT CHARSET=utf8mb4 COLLATE=utf8mb4_general_ci ROW_FORMAT=DYNAMIC;
/*!40101 SET character_set_client = @saved_cs_client */;

--
-- Dumping data for table `alumnos`
--

LOCK TABLES `alumnos` WRITE;
/*!40000 ALTER TABLE `alumnos` DISABLE KEYS */;
INSERT INTO `alumnos` VALUES (23,'114-12913479',1,12913479,'JOSE NEPTALLY','MAICA MENESES','M','2018-09-23',NULL,3,26,26,603,34,'S','30','26','TÉCNICA','6001','',0,12913479,'JOSE','MAICA','AV COSTANERA, 3RA TRANSVERSAL CALLE LOS MANGLES, CASA # 22 URB OTTO PADRON','','',12345678,'JOSE','MAICA'),(24,'117-13765890',1,13765890,'JOSEFA MARIA','MENESES MAICA','F','2025-09-24',NULL,3,10,10,23,36,'2','2','20','BACHILLER','6001','',0,14913479,'JOSE','MAICA','AV COSTANERA, 3RA TRANSVERSAL CALLE LOS MANGLES, CASA # 22 URB OTTO PADRON','','',12345678,'JOSE','MAICA');
/*!40000 ALTER TABLE `alumnos` ENABLE KEYS */;
UNLOCK TABLES;

--
-- Table structure for table `asignaturas`
--

DROP TABLE IF EXISTS `asignaturas`;
/*!40101 SET @saved_cs_client     = @@character_set_client */;
/*!50503 SET character_set_client = utf8mb4 */;
CREATE TABLE `asignaturas` (
  `id` int NOT NULL AUTO_INCREMENT,
  `id_prof` int DEFAULT NULL,
  `id_seccion` int DEFAULT NULL,
  `id_materia` int DEFAULT NULL,
  PRIMARY KEY (`id`) USING BTREE,
  UNIQUE KEY `id` (`id`) USING BTREE,
  KEY `asignaturas_fk1` (`id_prof`) USING BTREE,
  CONSTRAINT `asignaturas_fk1` FOREIGN KEY (`id_prof`) REFERENCES `personal` (`id`)
) ENGINE=InnoDB AUTO_INCREMENT=45 DEFAULT CHARSET=utf8mb4 COLLATE=utf8mb4_general_ci ROW_FORMAT=DYNAMIC;
/*!40101 SET character_set_client = @saved_cs_client */;

--
-- Dumping data for table `asignaturas`
--

LOCK TABLES `asignaturas` WRITE;
/*!40000 ALTER TABLE `asignaturas` DISABLE KEYS */;
INSERT INTO `asignaturas` VALUES (33,7,1,1),(34,7,1,3),(35,7,1,5),(36,7,1,6),(37,7,1,7),(38,7,1,8),(39,7,1,17),(40,7,1,19),(41,7,1,10),(42,7,1,18),(43,2,1,2),(44,9,1,4);
/*!40000 ALTER TABLE `asignaturas` ENABLE KEYS */;
UNLOCK TABLES;

--
-- Table structure for table `ciudades`
--

DROP TABLE IF EXISTS `ciudades`;
/*!40101 SET @saved_cs_client     = @@character_set_client */;
/*!50503 SET character_set_client = utf8mb4 */;
CREATE TABLE `ciudades` (
  `id` int NOT NULL AUTO_INCREMENT,
  `id_estado` int DEFAULT NULL,
  `ciudad` text COLLATE utf8mb4_general_ci,
  PRIMARY KEY (`id`) USING BTREE,
  KEY `ciudades_fk1` (`id_estado`) USING BTREE,
  CONSTRAINT `ciudades_fk1` FOREIGN KEY (`id_estado`) REFERENCES `estados` (`id`)
) ENGINE=InnoDB AUTO_INCREMENT=337 DEFAULT CHARSET=utf8mb4 COLLATE=utf8mb4_general_ci ROW_FORMAT=DYNAMIC;
/*!40101 SET character_set_client = @saved_cs_client */;

--
-- Dumping data for table `ciudades`
--

LOCK TABLES `ciudades` WRITE;
/*!40000 ALTER TABLE `ciudades` DISABLE KEYS */;
INSERT INTO `ciudades` VALUES (1,1,'CARACAS'),(2,2,'LA ESMERALDA'),(3,2,'SAN FERNANDO DE ATABAPO'),(4,2,'PUERTO AYACUCHO'),(5,2,'ISLA RATÓN'),(6,2,'MAROA'),(7,2,'SAN JUAN DE MANAPIAR'),(8,2,'SAN CARLOS DE RÍO NEGRO'),(9,3,'ANACO'),(10,3,'ARAGUA DE BARCELONA'),(11,3,'PUERTO PÍRITU'),(12,3,'VALLE DE GUANAPE'),(13,3,'PARIAGUÁN'),(14,3,'GUANTA'),(15,3,'CIUDAD ORINOCO'),(16,3,'PUERTO LA CRUZ'),(17,3,'ONOTO'),(18,3,'MAPIRE'),(19,3,'SAN MATEO'),(20,3,'CLARINES'),(21,3,'CANTAURA'),(22,3,'PÍRITU'),(23,3,'SAN JOSÉ DE GUANIPA (EL TIGRITO)'),(24,3,'BOCA DE UCHIRE'),(25,3,'SANTA ANA'),(26,3,'BARCELONA'),(27,3,'EL TIGRE'),(28,3,'EL CHAPARRO'),(29,3,'LECHERÍAS'),(30,4,'ACHAGUAS'),(31,4,'BIRUACA'),(32,4,'BRUZUAL'),(33,4,'GUASDUALITO'),(34,4,'SAN JUAN DE PAYARA'),(35,4,'ELORZA'),(36,4,'SAN FERNANDO DE APURE'),(37,5,'SAN MATEO'),(38,5,'CAMATAGUA'),(39,5,'MARACAY'),(40,5,'SANTA CRUZ'),(41,5,'LA VICTORIA'),(42,5,'EL CONSEJO'),(43,5,'PALO NEGRO'),(44,5,'EL LIMÓN'),(45,5,'SAN CASIMIRO'),(46,5,'SAN SEBASTIÁN DE LOS REYES'),(47,5,'TURMERO'),(48,5,'LAS TEJERÍAS'),(49,5,'CAGUA'),(50,5,'LA COLONIA TOVAR'),(51,5,'BARBACOAS'),(52,5,'VILLA DE CURA'),(53,5,'SANTA RITA'),(54,5,'OCUMARE DE LA COSTA'),(55,6,'SABANETA'),(56,6,'SOCOPÓ'),(57,6,'ARISMENDI'),(58,6,'BARINAS'),(59,6,'BARINITAS'),(60,6,'BARRANCAS'),(61,6,'SANTA BÁRBARA'),(62,6,'OBISPOS'),(63,6,'CIUDAD BOLIVIA'),(64,6,'LIBERTAD'),(65,6,'CIUDAD DE NUTRIAS'),(66,6,'EL CANTÓN'),(67,7,'CIUDAD GUAYANA'),(68,7,'CAICARA DEL ORINOCO'),(69,7,'EL CALLAO'),(70,7,'SANTA ELENA DE UAIRÉN'),(71,7,'CIUDAD BOLÍVAR'),(72,7,'UPATA'),(73,7,'CIUDAD PIAR'),(74,7,'GUASIPATI'),(75,7,'TUMEREMO'),(76,7,'MARIPA'),(77,7,'EL PALMAR'),(78,8,'BEJUMA'),(79,8,'GÜIGÜ'),(80,8,'MARIARA'),(81,8,'GUACARA'),(82,8,'MORÓN'),(83,8,'TOCUYITO'),(84,8,'LOS GUAYOS'),(85,8,'MIRANDA'),(86,8,'MONTALBÁN'),(87,8,'NAGUANAGUA'),(88,8,'PUERTO CABELLO'),(89,8,'SAN DIEGO'),(90,8,'SAN JOAQUÍN'),(91,8,'VALENCIA'),(92,9,'COJEDES'),(93,9,'TINAQUILLO'),(94,9,'EL BAÚL'),(95,9,'MACAPO'),(96,9,'EL PAO'),(97,9,'LIBERTAD'),(98,9,'LAS VEGAS'),(99,9,'SAN CARLOS'),(100,9,'TINACO'),(101,10,'CURIAPO'),(102,10,'SIERRA IMATACA'),(103,10,'PEDERNALES'),(104,10,'TUCUPITA'),(105,11,'SAN JUAN DE LOS CAYOS'),(106,11,'SAN LUIS'),(107,11,'CAPATÁRIDA'),(108,11,'YARACAL'),(109,11,'PUNTO FIJO'),(110,11,'LA VELA DE CORO'),(111,11,'DABAJURO'),(112,11,'PEDREGAL'),(113,11,'PUEBLO NUEVO'),(114,11,'CHURUGUARA'),(115,11,'JACURA'),(116,11,'SANTA CRUZ DE LOS TAQUES'),(117,11,'MENE DE MAUROA'),(118,11,'SANTA ANA DE CORO'),(119,11,'CHICHIRIVICH'),(120,11,'PALMASOLA'),(121,11,'CABUR'),(122,11,'PÍRITU'),(123,11,'MIRIMIRE'),(124,11,'TUCACAS'),(125,11,'LA CRUZ DE TARATARA'),(126,11,'TOCÓPERO'),(127,11,'SANTA CRUZ DE BUCARAL'),(128,11,'URUMACO'),(129,11,'PUERTO CUMAREBO'),(130,12,'CAMAGUÁN'),(131,12,'CHAGUARAMAS'),(132,12,'EL SOCORRO'),(133,12,'GUAYABAL'),(134,12,'VALLE DE LA PASCUA'),(135,12,'LAS MERCEDES'),(136,12,'EL SOMBRERO'),(137,12,'CALABOZO'),(138,12,'ALTAGRACIA DE ORITUCO'),(139,12,'ORTIZ'),(140,12,'TUCUPIDO'),(141,12,'SAN JUAN DE LOS MORROS'),(142,12,'SAN JOSÉ DE GUARIB'),(143,12,'SANTA MARÍA DE IPIR'),(144,12,'ZARAZA'),(145,13,'SANAR'),(146,13,'DUACA'),(147,13,'BARQUISIMETO'),(148,13,'QUÍBOR'),(149,13,'EL TOCUYO'),(150,13,'CABUDAR'),(151,13,'SARAR'),(152,13,'CARORA'),(153,13,'SIQUISIQU'),(154,14,'EL VIGÍA'),(155,14,'LA AZULITA'),(156,14,'SANTA CRUZ DE MORA'),(157,14,'ARICAGUA'),(158,14,'CANAGUÁ'),(159,14,'EJIDO'),(160,14,'TUCANÍ'),(161,14,'SANTO DOMINGO'),(162,14,'GUARAQU'),(163,14,'ARAPUEY'),(164,14,'TORONDOY'),(165,14,'MÉRIDA'),(166,14,'TIMOTES'),(167,14,'SANTA ELENA DE ARENALES'),(168,14,'SANTA MARÍA DE CAPARO'),(169,14,'PUEBLO LLANO'),(170,14,'MUCUCHÍES'),(171,14,'BAILADORES'),(172,14,'TABAY'),(173,14,'LAGUNILLAS'),(174,14,'TOVAR'),(175,14,'NUEVA BOLIVIA'),(176,14,'ZEA'),(177,15,'CAUCAGUA'),(178,15,'SAN JOSÉ DE BARLOVENTO'),(179,15,'NUESTRA SEÑORA DEL ROSARIO DE BARUTA'),(180,15,'HIGUEROT'),(181,15,'MAMPORAL'),(182,15,'CARRIZAL'),(183,15,'CHACAO'),(184,15,'CHARALLAV'),(185,15,'LOS TEQUES'),(186,15,'SANTA TERESA DEL TUY'),(187,15,'OCUMARE DEL TUY'),(188,15,'SAN ANTONIO DE LOS ALTOS'),(189,15,'RÍO CHICO'),(190,15,'SANTA LUCÍA'),(191,15,'CÚPIRA'),(192,15,'GUARENAS'),(193,15,'SAN FRANCISCO DE YAR'),(194,15,'PETAR'),(195,15,'CÚA'),(196,15,'GUATIR'),(197,16,'SAN ANTONIO'),(198,16,'AGUASAY'),(199,16,'CARIPITO'),(200,16,'CARIPE'),(201,16,'CAICARA'),(202,16,'TEMBLADOR'),(203,16,'MATURÍN'),(204,16,'ARAGUA'),(205,16,'QUIRIQUIR'),(206,16,'SANTA BÁRBARA'),(207,16,'BARRANCAS'),(208,16,'URACOA'),(209,17,'LA PLAZA DE PARAGUACHÍ'),(210,17,'LA ASUNCIÓN'),(211,17,'SAN JUAN BAUTISTA'),(212,17,'EL VALLE DEL ESPÍRITU SANTO'),(213,17,'SANTA ANA'),(214,17,'PAMPATAR'),(215,17,'JUANGRIEGO'),(216,17,'PORLAMAR'),(217,17,'BOCA DEL RÍO'),(218,17,'PUNTA DE PIEDRAS'),(219,17,'SAN PEDRO DE COCHE'),(220,18,'AGUA BLANCA'),(221,18,'ARAUR'),(222,18,'PÍRITU'),(223,18,'GUANARE'),(224,18,'GUANARITO'),(225,18,'PARAÍSO DE CHABASQUÉN'),(226,18,'OSPINO'),(227,18,'ACARIGUA'),(228,18,'PAPELÓN'),(229,18,'BOCONOITO'),(230,18,'SAN RAFAEL DE ONOTO'),(231,18,'EL PLAYÓN'),(232,18,'BISCUCUY'),(233,18,'VILLA BRUZUAL'),(234,19,'CASANAY'),(235,19,'SAN JOSÉ DE AEROCUAR'),(236,19,'RÍO CARIB'),(237,19,'EL PILAR'),(238,19,'CARÚPANO'),(239,19,'MARIGÜITAR'),(240,19,'YAGUARAPARO'),(241,19,'ACOSTA ARAYA'),(242,19,'IRAPA'),(243,19,'TUNAPUY'),(244,19,'CUMANACOA'),(245,19,'CARIACO'),(246,19,'CUMANÁ'),(247,19,'GÜIRIA'),(248,20,'CORDERO'),(249,20,'LAS MESAS'),(250,20,'COLÓN'),(251,20,'SAN ANTONIO DEL TÁCHIRA'),(252,20,'TÁRIBA'),(253,20,'SANTA ANA'),(254,20,'SAN RAFAEL DEL PIÑAL'),(255,20,'SAN JOSÉ DE BOLÍVAR'),(256,20,'LA FRÍA'),(257,20,'PALMIRA'),(258,20,'CAPACHO NUEVO'),(259,20,'LA GRITA'),(260,20,'EL COBR'),(261,20,'RUBIO'),(262,20,'CAPACHO VIEJO'),(263,20,'ABEJALES'),(264,20,'LOBATERA'),(265,20,'MICHELENA'),(266,20,'COLONCITO'),(267,20,'UREÑA'),(268,20,'DELICIAS'),(269,20,'LA TENDIDA'),(270,20,'SAN CRISTÓBAL'),(271,20,'SEBORUCO'),(272,20,'SAN SIMÓN'),(273,20,'QUENIQUEA'),(274,20,'SAN JOSECITO'),(275,20,'PREGONERO'),(276,20,'UMUQUENA'),(277,21,'SANTA ISABEL'),(278,21,'BOCONÓ'),(279,21,'SABANA GRAND'),(280,21,'CHEJENDÉ'),(281,21,'CARACH'),(282,21,'ESCUQU'),(283,21,'EL PARADERO'),(284,21,'CAMPO ELÍAS'),(285,21,'SANTA APOLONIA'),(286,21,'EL DIVIDIV'),(287,21,'MONTE CARMELO'),(288,21,'MOTATÁN'),(289,21,'PAMPÁN'),(290,21,'PAMPANITO'),(291,21,'BETIJOQU'),(292,21,'CARVAJAL'),(293,21,'SABANA DE MENDOZA'),(294,21,'VALERA'),(295,22,'SAN PABLO'),(296,22,'AROA'),(297,22,'CHIVACOA'),(298,22,'COCOROT'),(299,22,'CIUDAD ORINOCO'),(300,22,'SABANA DE PARRA'),(301,22,'BORAUR'),(302,22,'YUMAR'),(303,22,'NIRGUA'),(304,22,'YARITAGUA'),(305,22,'SAN FELIP'),(306,22,'GUAMA'),(307,22,'URACHICH'),(308,22,'FARRIAR'),(309,23,'EL TORO'),(310,23,'SAN TIMOTEO'),(311,23,'CABIMAS'),(312,23,'ENCONTRADOS'),(313,23,'SAN CARLOS DEL ZULIA'),(314,23,'PUEBLO NUEVO EL CHIVO'),(315,23,'LA CONCEPCIÓN'),(316,23,'CASIGUA EL CUBO'),(317,23,'CONCEPCIÓN'),(318,23,'CIUDAD OJEDA'),(319,23,'MACHIQUES'),(320,23,'SAN RAFAEL DE EL MOJÁN'),(321,23,'MARACAIBO'),(322,23,'LOS PUERTOS DE ALTAGRACIA'),(323,23,'GUAJIRA SINAMAICA'),(324,23,'LA VILLA DEL ROSARIO'),(325,23,'SAN FRANCISCO'),(326,23,'SANTA RITA'),(327,23,'TÍA JUANA'),(328,23,'BOBURES'),(329,23,'BACHAQUERO'),(330,24,'LA GUAIRA'),(331,15,'EL HATILLO'),(332,16,'PUNTA DE MATA'),(333,21,'LA QUEBRADA'),(334,25,'GRAN ROQUE'),(335,25,'LOS TESTIGOS'),(336,25,'CHIMANAS');
/*!40000 ALTER TABLE `ciudades` ENABLE KEYS */;
UNLOCK TABLES;

--
-- Table structure for table `estados`
--

DROP TABLE IF EXISTS `estados`;
/*!40101 SET @saved_cs_client     = @@character_set_client */;
/*!50503 SET character_set_client = utf8mb4 */;
CREATE TABLE `estados` (
  `id` int NOT NULL AUTO_INCREMENT,
  `estado` text COLLATE utf8mb4_general_ci,
  PRIMARY KEY (`id`) USING BTREE
) ENGINE=InnoDB AUTO_INCREMENT=26 DEFAULT CHARSET=utf8mb4 COLLATE=utf8mb4_general_ci ROW_FORMAT=DYNAMIC;
/*!40101 SET character_set_client = @saved_cs_client */;

--
-- Dumping data for table `estados`
--

LOCK TABLES `estados` WRITE;
/*!40000 ALTER TABLE `estados` DISABLE KEYS */;
INSERT INTO `estados` VALUES (1,'DISTRITO CAPITAL'),(2,'AMAZONAS'),(3,'ANZOÁTEGUI'),(4,'APUR'),(5,'ARAGUA'),(6,'BARINAS'),(7,'BOLÍVAR'),(8,'CARABOBO'),(9,'COJEDES'),(10,'DELTA AMACURO'),(11,'FALCÓN'),(12,'GUÁRICO'),(13,'LARA'),(14,'MÉRIDA'),(15,'MIRANDA'),(16,'MONAGAS'),(17,'NUEVA ESPARTA'),(18,'PORTUGUESA'),(19,'SUCR'),(20,'TÁCHIRA'),(21,'TRUJILLO'),(22,'YARACUY'),(23,'ZULIA'),(24,'LA GUAIRA'),(25,'DEPENDENCIAS FEDERALES');
/*!40000 ALTER TABLE `estados` ENABLE KEYS */;
UNLOCK TABLES;

--
-- Table structure for table `historico`
--

DROP TABLE IF EXISTS `historico`;
/*!40101 SET @saved_cs_client     = @@character_set_client */;
/*!50503 SET character_set_client = utf8mb4 */;
CREATE TABLE `historico` (
  `id` int NOT NULL AUTO_INCREMENT,
  `cedulae` text COLLATE utf8mb4_general_ci,
  `cedula` int DEFAULT NULL,
  `nombre` text COLLATE utf8mb4_general_ci,
  `apellido` text COLLATE utf8mb4_general_ci,
  `seccion` text COLLATE utf8mb4_general_ci,
  `materia` text COLLATE utf8mb4_general_ci,
  `lapso1` decimal(10,0) DEFAULT NULL,
  `lapso2` decimal(10,0) DEFAULT NULL,
  `lapso3` decimal(10,0) DEFAULT NULL,
  `promedio` decimal(11,1) DEFAULT NULL,
  `periodo` text COLLATE utf8mb4_general_ci,
  PRIMARY KEY (`id`),
  UNIQUE KEY `id` (`id`)
) ENGINE=InnoDB AUTO_INCREMENT=19 DEFAULT CHARSET=utf8mb4 COLLATE=utf8mb4_general_ci;
/*!40101 SET character_set_client = @saved_cs_client */;

--
-- Dumping data for table `historico`
--

LOCK TABLES `historico` WRITE;
/*!40000 ALTER TABLE `historico` DISABLE KEYS */;
INSERT INTO `historico` VALUES (1,'789-55545646',55545646,'NEPTALLY','MENESES','1° B','BIOLOGIA AMBIENTE Y TECNOLOGIA',15,10,12,12.3,'2025 - 2026'),(2,'789-55545646',55545646,'NEPTALLY','MENESES','1° B','EDUCACIÓN FÍSICA',18,19,19,18.7,'2025 - 2026'),(3,'117-13765890',13765890,'MARIA','MAICA','1° A','FÍSICA',15,17,16,16.0,'2025 - 2026'),(4,'119-24563858',12913479,'JOSE','MAICA','1° A','FÍSICA',16,17,18,17.0,'2025 - 2026'),(5,'117-13765898',13765898,'JOSE','MAICA','1° A','FÍSICA',20,19,18,19.0,'2025 - 2026'),(6,'232-55666678',55666678,'MIGUEL','MATA','2° A','GEOGRAFÍA, HISTORIA Y CIUDADANIA PARA LA SOBERANIA NACIONAL ',18,18,19,18.3,'2025 - 2026'),(7,'234-55666677',55666677,'JOSE','MENESES','2° A','GEOGRAFÍA, HISTORIA Y CIUDADANIA PARA LA SOBERANIA NACIONAL ',20,20,20,20.0,'2025 - 2026'),(8,'119-24563858',12913479,'JOSE','MAICA','1° A','LENGUA Y LITERATURA',10,20,10,13.3,'2025 - 2026'),(9,'117-13765890',13765890,'MARIA','MAICA','1° A','LENGUA Y LITERATURA',11,11,13,11.7,'2025 - 2026'),(10,'117-13765898',13765898,'JOSE','MAICA','1° A','LENGUA Y LITERATURA',15,16,15,15.3,'2025 - 2026'),(11,'119-24563858',12913479,'JOSE','MAICA','1° A','MATEMÁTICAS',9,10,9,9.3,'2025 - 2026'),(12,'232-55666678',55666678,'MIGUEL','MATA','2° A','MATEMÁTICAS',13,12,10,11.7,'2025 - 2026'),(13,'234-55666677',55666677,'JOSE','MENESES','2° A','MATEMÁTICAS',15,18,16,16.3,'2025 - 2026'),(14,'117-13765898',13765898,'JOSE','MAICA','1° A','MATEMÁTICAS',16,18,19,17.7,'2025 - 2026'),(15,'117-13765890',13765890,'MARIA','MAICA','1° A','MATEMÁTICAS',18,19,18,18.3,'2025 - 2026'),(16,'117-13765898',13765898,'JOSE','MAICA','1° A','QUIMICA',10,10,10,10.0,'2025 - 2026'),(17,'117-13765890',13765890,'MARIA','MAICA','1° A','QUIMICA',12,9,8,9.7,'2025 - 2026'),(18,'119-24563858',12913479,'JOSE','MAICA','1° A','QUIMICA',14,14,14,14.0,'2025 - 2026');
/*!40000 ALTER TABLE `historico` ENABLE KEYS */;
UNLOCK TABLES;

--
-- Table structure for table `horariosprof`
--

DROP TABLE IF EXISTS `horariosprof`;
/*!40101 SET @saved_cs_client     = @@character_set_client */;
/*!50503 SET character_set_client = utf8mb4 */;
CREATE TABLE `horariosprof` (
  `id` int NOT NULL AUTO_INCREMENT,
  `id_prof` int DEFAULT NULL,
  `id_seccion` int DEFAULT NULL,
  `hora` time DEFAULT NULL,
  `salida` time DEFAULT NULL,
  `dia` text COLLATE utf8mb4_general_ci,
  `asignatura` text COLLATE utf8mb4_general_ci,
  PRIMARY KEY (`id`) USING BTREE,
  UNIQUE KEY `id` (`id`) USING BTREE
) ENGINE=InnoDB AUTO_INCREMENT=33 DEFAULT CHARSET=utf8mb4 COLLATE=utf8mb4_general_ci ROW_FORMAT=DYNAMIC;
/*!40101 SET character_set_client = @saved_cs_client */;

--
-- Dumping data for table `horariosprof`
--

LOCK TABLES `horariosprof` WRITE;
/*!40000 ALTER TABLE `horariosprof` DISABLE KEYS */;
INSERT INTO `horariosprof` VALUES (26,7,1,'08:00:00','09:45:00','LUNES','1° A - LENGUA Y LITERATURA'),(27,7,1,'10:00:00','11:00:00','LUNES','1° A - MATEMÁTICAS'),(28,2,1,'07:00:00','08:01:00','LUNES','1° A - IDIOMAS'),(29,9,1,'08:15:00','09:16:00','LUNES','1° A - FÍSICA'),(30,7,1,'08:18:00','09:18:00','LUNES','1° A - BIOLOGIA AMBIENTE Y TECNOLOGIA'),(31,7,1,'11:01:00','12:00:00','LUNES','1° A - INGLÉS '),(32,7,1,'08:00:00','09:00:00','MARTES','1° A - LENGUA Y LITERATURA');
/*!40000 ALTER TABLE `horariosprof` ENABLE KEYS */;
UNLOCK TABLES;
/*!50003 SET @saved_cs_client      = @@character_set_client */ ;
/*!50003 SET @saved_cs_results     = @@character_set_results */ ;
/*!50003 SET @saved_col_connection = @@collation_connection */ ;
/*!50003 SET character_set_client  = utf8mb4 */ ;
/*!50003 SET character_set_results = utf8mb4 */ ;
/*!50003 SET collation_connection  = utf8mb4_0900_ai_ci */ ;
/*!50003 SET @saved_sql_mode       = @@sql_mode */ ;
/*!50003 SET sql_mode              = '' */ ;
DELIMITER ;;
/*!50003 CREATE*/ /*!50017 DEFINER=`root`@`localhost`*/ /*!50003 TRIGGER `check_horario_seccion_duplicado` BEFORE INSERT ON `horariosprof` FOR EACH ROW BEGIN
    -- 1. Validación básica: Que la salida no sea antes que la entrada
    IF NEW.salida <= NEW.hora THEN
        SIGNAL SQLSTATE '45000'
        SET MESSAGE_TEXT = 'La hora de salida debe ser posterior a la hora de inicio.';
    END IF;

    -- 2. Validación de disponibilidad de la sección
    IF EXISTS (
        SELECT 1 
        FROM horariosprof 
        WHERE id_seccion = NEW.id_seccion 
          AND dia = NEW.dia 
          AND (
            (NEW.hora < salida AND NEW.salida > hora)
          )
    ) THEN
        SIGNAL SQLSTATE '45000'
        SET MESSAGE_TEXT = 'Conflicto: La sección ya tiene clases programadas en este rango de horario y día.';
    END IF;
END */;;
DELIMITER ;
/*!50003 SET sql_mode              = @saved_sql_mode */ ;
/*!50003 SET character_set_client  = @saved_cs_client */ ;
/*!50003 SET character_set_results = @saved_cs_results */ ;
/*!50003 SET collation_connection  = @saved_col_connection */ ;

--
-- Table structure for table `materias`
--

DROP TABLE IF EXISTS `materias`;
/*!40101 SET @saved_cs_client     = @@character_set_client */;
/*!50503 SET character_set_client = utf8mb4 */;
CREATE TABLE `materias` (
  `id` int NOT NULL AUTO_INCREMENT,
  `codigo` text COLLATE utf8mb4_general_ci,
  `materia` text COLLATE utf8mb4_general_ci,
  `materia_hash` char(32) COLLATE utf8mb4_general_ci GENERATED ALWAYS AS (md5(`materia`)) STORED,
  `tipos` text COLLATE utf8mb4_general_ci,
  PRIMARY KEY (`id`) USING BTREE,
  UNIQUE KEY `id` (`id`) USING BTREE,
  UNIQUE KEY `materia_hash_UNIQUE` (`materia_hash`) USING BTREE
) ENGINE=InnoDB AUTO_INCREMENT=20 DEFAULT CHARSET=utf8mb4 COLLATE=utf8mb4_general_ci;
/*!40101 SET character_set_client = @saved_cs_client */;

--
-- Dumping data for table `materias`
--

LOCK TABLES `materias` WRITE;
/*!40000 ALTER TABLE `materias` DISABLE KEYS */;
INSERT INTO `materias` (`id`, `codigo`, `materia`, `tipos`) VALUES (1,'0001','LENGUA Y LITERATURA','NÚMERALES'),(2,'0002','IDIOMAS','NÚMERALES'),(3,'0003','MATEMÁTICAS','NÚMERALES'),(4,'0004','FÍSICA','NÚMERALES'),(5,'0005','QUIMICA','NÚMERALES'),(6,'0006','EDUCACIÓN FÍSICA','NÚMERALES'),(7,'0007','BIOLOGIA AMBIENTE Y TECNOLOGIA','NÚMERALES'),(8,'0008','GEOGRAFÍA, HISTORIA Y CIUDADANIA PARA LA SOBERANIA NACIONAL ','NÚMERALES'),(9,'0009','FORMACÍON PARA LA SOBERANIA NACIONAL','NÚMERALES'),(10,'0010','ORIENTACIÓN VOCACIONAL','LITERALES'),(11,'0011','GRUPO DE CREACIÓN, RECREACIÓN Y REPRODUCCIÓN','LITERALES'),(12,'0012','PROYECTO DE ECONOMIA SOCIO PRODUCTIVA','FORMACIÓN CIENTÍFICA TECNOLÓGICA Y PRODUCTIVA'),(13,'0013','TECNOLOGIA PREVENTIVA','FORMACIÓN CIENTÍFICA TECNOLÓGICA Y PRODUCTIVA'),(14,'0014','RIESGO, EMERGENCIA Y DESASTRE','FORMACIÓN CIENTÍFICA TECNOLÓGICA Y PRODUCTIVA'),(15,'0015','VINCULACÍON SOCIO LABORAL','PRÁCTICA VOCACIONAL Y PROFESIONAL'),(16,'0016','CASTELLANO','LITERALES'),(17,'0017','INGLÉS ','LITERALES'),(18,'0018','ARTE Y PATRIMONIO','LITERALES'),(19,'0019','CIENCIAS NATURALES','LITERALES');
/*!40000 ALTER TABLE `materias` ENABLE KEYS */;
UNLOCK TABLES;

--
-- Table structure for table `municipios`
--

DROP TABLE IF EXISTS `municipios`;
/*!40101 SET @saved_cs_client     = @@character_set_client */;
/*!50503 SET character_set_client = utf8mb4 */;
CREATE TABLE `municipios` (
  `id` int NOT NULL AUTO_INCREMENT,
  `id_ciudad` int DEFAULT NULL,
  `municipio` text COLLATE utf8mb4_general_ci,
  PRIMARY KEY (`id`) USING BTREE,
  KEY `municipios_fk1` (`id_ciudad`) USING BTREE,
  CONSTRAINT `municipios_fk1` FOREIGN KEY (`id_ciudad`) REFERENCES `ciudades` (`id`)
) ENGINE=InnoDB AUTO_INCREMENT=338 DEFAULT CHARSET=utf8mb4 COLLATE=utf8mb4_general_ci ROW_FORMAT=DYNAMIC;
/*!40101 SET character_set_client = @saved_cs_client */;

--
-- Dumping data for table `municipios`
--

LOCK TABLES `municipios` WRITE;
/*!40000 ALTER TABLE `municipios` DISABLE KEYS */;
INSERT INTO `municipios` VALUES (1,1,'BOLIVARIANO LIBERTADOR'),(2,2,'AUTÓNOMO ALTO ORINOCO'),(3,3,'AUTÓNOMO ATABAPO'),(4,4,'AUTÓNOMO ATURES'),(5,5,'AUTÓNOMO AUTANA'),(6,6,'AUTÓNOMO MAROA'),(7,7,'AUTÓNOMO MANAPIARE'),(8,8,'AUTÓNOMO RÍO NEGRO'),(9,9,'ANACO'),(10,10,'ARAGUA'),(11,11,'FERNANDO DE PEÑALVER'),(12,12,'FRANCISCO DEL CARMEN CARVAJAL'),(13,13,'FRANCISCO DE MIRANDA'),(14,14,'GUANTA'),(15,15,'INDEPENDENCIA'),(16,16,'JUAN ANTONIO SOTILLO'),(17,17,'JUAN MANUEL CAJIGAL'),(18,18,'JOSÉ GREGORIO MONAGAS'),(19,19,'LIBERTAD'),(20,20,'MANUEL EZEQUIEL BRUZUAL'),(21,21,'PEDRO MARÍA FRÉITES'),(22,22,'PÍRITU'),(23,23,'SAN JOSÉ DE GUANIPA'),(24,24,'SAN JUAN DE CAPISTRANO'),(25,25,'SANTA ANA'),(26,26,'SIMÓN BOLÍVAR'),(27,27,'SIMÓN RODRÍGUEZ'),(28,28,'SIR ARTHUR MC GREGOR'),(29,29,'DIEGO BAUTISTA URBANEJA'),(30,30,'ACHAGUAS'),(31,31,'BIRUACA'),(32,32,'MUÑOZ'),(33,33,'PÁEZ'),(34,34,'PEDRO CAMEJO'),(35,35,'RÓMULO GALLEGOS'),(36,36,'SAN FERNANDO DE APURE'),(37,37,'BOLÍVAR'),(38,38,'CAMATAGUA'),(39,39,'GIRARDOT'),(40,40,'JOSÉ ÁNGEL LAMAS'),(41,41,'JOSÉ FÉLIX RIBAS'),(42,42,'JOSÉ RAFAEL REVENGA'),(43,43,'LIBERTADOR'),(44,44,'MARIO BRICEÑO IRAGORRY'),(45,45,'SAN CASIMIRO'),(46,46,'SAN SEBASTIÁN'),(47,47,'SANTIAGO MARIÑO'),(48,48,'SANTOS MICHELENA'),(49,49,'SUCRE'),(50,50,'TOVAR'),(51,51,'URDANETA'),(52,52,'ZAMORA'),(53,53,'FRANCISCO LINARES ALCÁNTARA{'),(54,54,'OCUMARE DE LA COSTA DE ORO'),(55,55,'ALBERTO ARVELO TORREALBA'),(56,56,'ANTONIO JOSÉ DE SUCRE'),(57,57,'ARISMENDI'),(58,58,'BARINAS'),(59,59,'BOLÍVAR'),(60,60,'CRUZ PAREDES'),(61,61,'EZEQUIEL ZAMORA'),(62,62,'OBISPOS'),(63,63,'PEDRAZA'),(64,64,'ROJAS'),(65,65,'SOSA'),(66,66,'ANDRÉS ELOY BLANCO'),(67,67,'CARONÍ'),(68,68,'CEDEÑO'),(69,69,'EL CALLAO'),(70,70,'GRAN SABANA'),(71,71,'HERES'),(72,72,'PIAR'),(73,73,'BOLIVARIANO ANGOSTURA'),(74,74,'ROSCIO'),(75,75,'SIFONTES'),(76,76,'SUCRE'),(77,77,'PADRE PEDRO CHIEN'),(78,78,'BEJUMA'),(79,79,'CARLOS ARVELO'),(80,80,'DIEGO IBARRA'),(81,81,'GUACARA'),(82,82,'JUAN JOSÉ MORA'),(83,83,'LIBERTADOR'),(84,84,'LOS GUAYOS'),(85,85,'MIRANDA'),(86,86,'MONTALBÁN'),(87,87,'NAGUANAGUA'),(88,88,'PUERTO CABELLO'),(89,89,'SAN DIEGO'),(90,90,'SAN JOAQUÍN'),(91,91,'VALENCIA'),(92,92,'ANZOÁTEGUI'),(93,93,'TINAQUILLO'),(94,94,'GIRARDOT'),(95,95,'LIMA BLANCO'),(96,96,'PAO DE SAN JUAN BAUTISTA'),(97,97,'RICAURTE'),(98,98,'RÓMULO GALLEGOS'),(99,99,'EZEQUIEL ZAMORA'),(100,100,'TINACO'),(101,101,'ANTONIO DÍAZ'),(102,102,'CASACOIMA'),(103,103,'PEDERNALES'),(104,104,'TUCUPITA'),(105,105,'ACOSTA'),(106,106,'BOLÍVAR'),(107,107,'BUCHIVACOA'),(108,108,'CACIQUE MANAURE'),(109,109,'CARIRUBANA'),(110,110,'COLINA'),(111,111,'DABAJURO'),(112,112,'DEMOCRACIA'),(113,113,'FALCÓN'),(114,114,'FEDERACIÓN'),(115,115,'JACURA'),(116,116,'LOS TAQUES'),(117,117,'MAUROA'),(118,118,'MIRANDA'),(119,119,'MONSEÑOR ITURRIZA'),(120,120,'PALMASOLA'),(121,121,'PETIT'),(122,122,'PÍRITU'),(123,123,'SAN FRANCISCO'),(124,124,'SILVA'),(125,125,'SUCRE'),(126,126,'TOCÓPERO'),(127,127,'UNIÓN'),(128,128,'URUMACO'),(129,129,'ZAMORA'),(130,130,'CAMAGUÁN'),(131,131,'CHAGUARAMAS'),(132,132,'EL SOCORRO'),(133,133,'SAN GERÓNIMO DE GUAYABAL'),(134,134,'LEONARDO INFANTE'),(135,135,'LAS MERCEDES'),(136,136,'JULIÁN MELLADO'),(137,137,'FRANCISCO DE MIRANDA'),(138,138,'JOSÉ TADEO MONAGAS'),(139,139,'ORTIZ'),(140,140,'JOSÉ FÉLIX RIBAS'),(141,141,'JUAN GERMÁN ROSCIO'),(142,142,'SAN JOSÉ DE GUARIBE'),(143,143,'SANTA MARÍA DE IPIRE'),(144,144,'PEDRO ZARAZA'),(145,145,'ANDRÉS ELOY BLANCO'),(146,146,'CRESPO'),(147,147,'IRIBARREN'),(148,148,'JIMÉNEZ'),(149,149,'MORÁN'),(150,150,'PALAVECINO'),(151,151,'SIMÓN PLANAS'),(152,152,'TORRES'),(153,153,'URDANETA'),(154,154,'ALBERTO ADRIANI'),(155,155,'ANDRÉS BELLO'),(156,156,'ANTONIO PINTO SALINAS'),(157,157,'ARICAGUA'),(158,158,'ARZOBISPO CHACÓN'),(159,159,'CAMPO ELÍAS'),(160,160,'CARACCIOLO PARRA OLMEDO'),(161,161,'CARDENAL QUINTERO'),(162,162,'GUARAQUE'),(163,163,'JULIO CÉSAR SALAS'),(164,164,'JUSTO BRICEÑO'),(165,165,'LIBERTADOR'),(166,166,'MIRANDA'),(167,167,'OBISPO RAMOS DE LORA'),(168,168,'PADRE NOGUERA'),(169,169,'PUEBLO LLANO'),(170,170,'RANGEL'),(171,171,'RIVAS DÁVILA'),(172,172,'SANTOS MARQUINA'),(173,173,'SUCRE'),(174,174,'TOVAR'),(175,175,'TULIO FEBRES CORDERO'),(176,176,'ZEA'),(177,177,'ACEVEDO'),(178,178,'ANDRÉS BELLO'),(179,179,'BARUTA'),(180,180,'BRIÓN'),(181,181,'BUROZ'),(182,182,'CARRIZAL'),(183,183,'CHACAO'),(184,184,'CRISTÓBAL ROJAS'),(185,185,'BOLIVARIANO GUAICAIPURO'),(186,186,'INDEPENDENCIA'),(187,187,'LANDER'),(188,188,'LOS SALIAS'),(189,189,'PÁEZ'),(190,190,'PAZ CASTILLO'),(191,191,'PEDRO GUAL'),(192,192,'PLAZA'),(193,193,'SIMÓN BOLÍVAR'),(194,194,'SUCRE'),(195,195,'URDANETA'),(196,196,'ZAMORA'),(197,197,'ACOSTA'),(198,198,'AGUASAY'),(199,199,'BOLÍVAR'),(200,200,'CARIPE'),(201,201,'CEDEÑO'),(202,202,'LIBERTADOR'),(203,203,'MATURÍN'),(204,204,'PIAR'),(205,205,'PUNCERES'),(206,206,'SANTA BÁRBARA'),(207,207,'SOTILLO'),(208,208,'URACOA'),(209,209,'ANTOLÍN DEL CAMPO'),(210,210,'ARISMENDI'),(211,211,'DÍAZ'),(212,212,'GARCÍA'),(213,213,'GÓMEZ'),(214,214,'MANEIRO'),(215,215,'MARCANO'),(216,216,'MARIÑO'),(217,217,'PENÍNSULA DE MACANAO'),(218,218,'TUBORES'),(219,219,'VILLALBA'),(220,220,'AGUA BLANCA'),(221,221,'ARAURE'),(222,222,'ESTELLER'),(223,223,'GUANARE'),(224,224,'GUANARITO'),(225,225,'MONSEÑOR JOSÉ VICENTE DE UNDA PARAÍSO DE CHABASQUÉN'),(226,226,'OSPINO'),(227,227,'PÁEZ'),(228,228,'PAPELÓN'),(229,229,'SAN GENARO DE BOCONOITO'),(230,230,'SAN RAFAEL DE ONOTO'),(231,231,'SANTA ROSALÍA'),(232,232,'SUCRE'),(233,233,'TURÉN'),(234,234,'ANDRÉS ELOY BLANCO'),(235,235,'ANDRÉS MATA'),(236,236,'ARISMENDI'),(237,237,'BENÍTEZ'),(238,238,'BERMÚDEZ'),(239,239,'BOLÍVAR'),(240,240,'CAJIGAL'),(241,241,'CRUZ SALMERÓN'),(242,242,'MARIÑO'),(243,243,'MEJÍA'),(244,244,'MONTES'),(245,245,'RIBERO'),(246,246,'SUCRE'),(247,247,'VALDEZ'),(248,248,'ANDRÉS BELLO'),(249,249,'ANTONIO RÓMULO COSTA'),(250,250,'AYACUCHO'),(251,251,'BOLÍVAR'),(252,252,'CÁRDENAS'),(253,253,'CÓRDOBA'),(254,254,'FERNÁNDEZ FEO'),(255,255,'FRANCISCO DE MIRANDA'),(256,256,'GARCÍA DE HEVIA'),(257,257,'GUÁSIMOS'),(258,258,'INDEPENDENCIA'),(259,259,'JÁUREGUI'),(260,260,'JOSÉ MARÍA VARGAS'),(261,261,'JUNÍN'),(262,262,'LIBERTAD'),(263,263,'LIBERTADOR'),(264,264,'LOBATERA'),(265,265,'MICHELENA'),(266,266,'PANAMERICANO'),(267,267,'PEDRO MARÍA UREÑA'),(268,268,'RAFAEL URDANETA'),(269,269,'SAMUEL DARÍO MALDONADO'),(270,270,'SAN CRISTÓBAL'),(271,271,'SEBORUCO'),(272,272,'SIMÓN RODRÍGUEZ'),(273,273,'SUCRE'),(274,274,'TORBES'),(275,275,'URIBANTE'),(276,276,'SAN JUDAS TADEO'),(277,277,'ANDRÉS BELLO'),(278,278,'BOCONÓ'),(279,279,'BOLÍVAR'),(280,280,'CANDELARIA'),(281,281,'CARACHE'),(282,282,'ESCUQUE'),(283,283,'JOSÉ FELIPE MÁRQUEZ CAÑIZALES EL PARADERO'),(284,284,'JUAN VICENTE CAMPO ELÍAS'),(285,285,'LA CEIBA'),(286,286,'MIRANDA'),(287,287,'MONTE CARMELO'),(288,288,'MOTATÁN'),(289,289,'PAMPÁN'),(290,290,'PAMPANITO'),(291,291,'RAFAEL RANGEL'),(292,292,'SAN RAFAEL DE CARVAJAL'),(293,293,'SUCRE'),(294,294,'VALERA'),(295,295,'ARÍSTIDES BASTIDAS'),(296,296,'BOLÍVAR'),(297,297,'BRUZUAL'),(298,298,'COCOROTE'),(299,299,'INDEPENDENCIA'),(300,300,'JOSÉ ANTONIO PÁEZ'),(301,301,'LA TRINIDAD'),(302,302,'MANUEL MONGE'),(303,303,'NIRGUA'),(304,304,'PEÑA'),(305,305,'SAN FELIPE'),(306,306,'SUCRE'),(307,307,'URACHICHE'),(308,308,'VEROES'),(309,309,'ALMIRANTE PADILLA'),(310,310,'BARALT'),(311,311,'CABIMAS'),(312,312,'CATATUMBO'),(313,313,'COLÓN'),(314,314,'FRANCISCO JAVIER PULGAR'),(315,315,'JESÚS ENRIQUE LOSSADA'),(316,316,'JESÚS MARÍA SEMPRÚN'),(317,317,'LA CAÑADA DE URDANETA'),(318,318,'LAGUNILLAS'),(319,319,'MACHIQUES DE PERIJÁ'),(320,320,'MARA'),(321,321,'MARACAIBO'),(322,322,'MIRANDA'),(323,323,'INDÍGENA BOLIVARIANO GUAJIRA SINAMAICA'),(324,324,'ROSARIO DE PERIJÁ'),(325,325,'SAN FRANCISCO'),(326,326,'SANTA RITA'),(327,327,'SIMÓN BOLÍVAR'),(328,328,'SUCRE'),(329,329,'VALMORE RODRÍGUEZ'),(330,330,'VARGAS'),(331,331,'EL HATILLO'),(332,332,'EZEQUIEL ZAMORA'),(333,333,'URDANETA'),(334,243,'LIBERTADOR'),(335,334,'NO TIENE MUNICIPIO'),(336,335,'NO TIENE MUNICIPIO'),(337,336,'NO TIENE MUNICIPIO');
/*!40000 ALTER TABLE `municipios` ENABLE KEYS */;
UNLOCK TABLES;

--
-- Table structure for table `notas`
--

DROP TABLE IF EXISTS `notas`;
/*!40101 SET @saved_cs_client     = @@character_set_client */;
/*!50503 SET character_set_client = utf8mb4 */;
CREATE TABLE `notas` (
  `id` int NOT NULL AUTO_INCREMENT,
  `id_seccion` int DEFAULT NULL,
  `id_prof` int DEFAULT NULL,
  `id_asignatura` int DEFAULT NULL,
  `id_alumno` int DEFAULT NULL,
  `lapso1` decimal(11,1) DEFAULT NULL,
  `lapso2` decimal(11,1) DEFAULT NULL,
  `lapso3` decimal(11,1) DEFAULT NULL,
  `revision` tinyint(1) DEFAULT '0',
  `art112` tinyint(1) DEFAULT '0',
  `observaciones` text COLLATE utf8mb4_general_ci,
  PRIMARY KEY (`id`) USING BTREE,
  UNIQUE KEY `id` (`id`) USING BTREE
) ENGINE=InnoDB AUTO_INCREMENT=63 DEFAULT CHARSET=utf8mb4 COLLATE=utf8mb4_general_ci ROW_FORMAT=DYNAMIC;
/*!40101 SET character_set_client = @saved_cs_client */;

--
-- Dumping data for table `notas`
--

LOCK TABLES `notas` WRITE;
/*!40000 ALTER TABLE `notas` DISABLE KEYS */;
INSERT INTO `notas` VALUES (43,1,7,33,23,10.0,11.0,12.0,0,0,''),(44,1,7,34,23,15.0,16.0,17.0,0,0,''),(45,1,7,35,23,20.0,18.0,19.0,0,0,''),(46,1,7,33,24,10.0,11.0,16.0,0,0,''),(47,1,7,34,24,15.0,20.0,18.0,0,0,''),(48,1,7,35,24,9.0,8.0,5.0,0,0,''),(49,1,7,36,23,20.0,20.0,20.0,0,0,''),(50,1,7,36,24,18.0,19.0,19.0,0,0,''),(51,1,7,37,23,14.0,16.0,10.0,0,0,''),(52,1,7,37,24,11.0,15.0,17.0,0,0,''),(53,1,7,38,23,12.0,15.0,16.0,0,0,''),(54,1,7,38,24,10.0,13.0,12.0,0,0,''),(55,1,7,39,23,18.0,19.0,20.0,0,0,''),(56,1,7,39,24,17.0,17.0,16.0,0,0,''),(57,1,7,40,23,15.0,18.0,11.0,0,0,''),(58,1,7,40,24,10.0,10.0,10.0,0,0,''),(59,1,7,41,23,18.0,19.0,17.0,0,0,''),(60,1,7,41,24,17.0,15.0,16.0,0,0,''),(61,1,7,42,23,18.0,18.0,12.0,0,0,''),(62,1,7,42,24,13.0,12.0,11.0,0,0,'');
/*!40000 ALTER TABLE `notas` ENABLE KEYS */;
UNLOCK TABLES;

--
-- Table structure for table `parroquias`
--

DROP TABLE IF EXISTS `parroquias`;
/*!40101 SET @saved_cs_client     = @@character_set_client */;
/*!50503 SET character_set_client = utf8mb4 */;
CREATE TABLE `parroquias` (
  `id` int NOT NULL AUTO_INCREMENT,
  `id_municipio` int DEFAULT NULL,
  `parroquia` text COLLATE utf8mb4_general_ci,
  PRIMARY KEY (`id`) USING BTREE,
  KEY `parroquias_fk1` (`id_municipio`) USING BTREE,
  CONSTRAINT `parroquias_fk1` FOREIGN KEY (`id_municipio`) REFERENCES `municipios` (`id`)
) ENGINE=InnoDB AUTO_INCREMENT=1147 DEFAULT CHARSET=utf8mb4 COLLATE=utf8mb4_general_ci ROW_FORMAT=DYNAMIC;
/*!40101 SET character_set_client = @saved_cs_client */;

--
-- Dumping data for table `parroquias`
--

LOCK TABLES `parroquias` WRITE;
/*!40000 ALTER TABLE `parroquias` DISABLE KEYS */;
INSERT INTO `parroquias` VALUES (1,1,'23 DE ENERO'),(2,1,'ALTAGRACIA'),(3,1,'ANTÍMANO'),(4,1,'CANDELARIA'),(5,1,'CARICUAO'),(6,1,'CATEDRAL'),(7,1,'COCHE'),(8,1,'EL JUNQUITO'),(9,1,'EL PARAÍSO'),(10,1,'EL RECREO'),(11,1,'EL VALLE'),(12,1,'LA PASTORA'),(13,1,'LA VEGA'),(14,1,'MACARAO'),(15,1,'SAN AGUSTÍN'),(16,1,'SAN BERNARDINO'),(17,1,'SAN JOSÉ'),(18,1,'SAN JUAN'),(19,1,'SAN PEDRO'),(20,1,'SANTA ROSALÍA'),(21,1,'SANTA TERESA'),(22,1,'SUCRE'),(23,10,'ARAGUA'),(24,10,'CACHIPO'),(25,100,'G/J JOSÉ LAURENCIO SILVA'),(26,101,'ALMIRANTE LUIS BRIÓN'),(27,101,'CURIAPO'),(28,101,'FRANCISCO ANICETO LUGO'),(29,101,'MANUEL RENAUD'),(30,101,'PADRE BARRAL'),(31,101,'SANTOS DE ABELGAS'),(32,102,'CINCO DE JULIO'),(33,102,'IMATACA'),(34,102,'JUAN BAUTISTA ARISMENDI'),(35,102,'MANUEL PIAR'),(36,102,'RÓMULO GALLEGOS'),(37,103,'LUIS BELTRÁN PRIETO'),(38,103,'PEDERNALES'),(39,104,'JOSÉ VIDAL MARCANO'),(40,104,'JUAN MILLÁN'),(41,104,'LEONARDO RUÍZ PINEDA'),(42,104,'MARISCAL ANTONIO JOSÉ DE SUCRE'),(43,104,'MONSEÑOR ARGIMIRO GARCÍA'),(44,104,'SAN JOSÉ'),(45,104,'SAN RAFAEL'),(46,104,'VIRGEN DEL VALLE'),(47,105,'CAPADARE'),(48,105,'LA PASTORA'),(49,105,'LIBERTADOR'),(50,105,'SAN JUAN DE LOS CAYOS'),(51,106,'ARACUA'),(52,106,'LA PEÑA'),(53,106,'SAN LUIS'),(54,107,'BARIRO'),(55,107,'BOROJÓ'),(56,107,'CAPATÁRIDA'),(57,107,'GUAJIRO'),(58,107,'SEQUE'),(59,107,'ZAZÁRIDA'),(60,108,'NO TIENE PARROQUIA'),(61,109,'CARIRUBANA'),(62,109,'NORTE'),(63,109,'PUNTA CARDÓN'),(64,109,'SANTA ANA'),(65,11,'FERNANDO DE PEÑALVER PUERTO PÍRITU'),(66,11,'SAN MIGUEL'),(67,11,'SUCRE'),(68,110,'ACURIGUA'),(69,110,'GUAIBACOA'),(70,110,'LA VELA DE CORO'),(71,110,'LAS CALDERAS'),(72,110,'MACORUCA'),(73,111,'NO TIENE PARROQUIA'),(74,112,'AGUA CLARA'),(75,112,'AVARIA'),(76,112,'PEDREGAL'),(77,112,'PIEDRA GRANDE'),(78,112,'PURURECHE'),(79,113,'ADAURE'),(80,113,'ADÍCORA'),(81,113,'BARAIVED'),(82,113,'BUENA VISTA'),(83,113,'EL HATO'),(84,113,'EL VÍNCULO'),(85,113,'JADACAQUIVA'),(86,113,'MORUY'),(87,113,'PUEBLO NUEVO'),(88,114,'AGUA LARGA'),(89,114,'CHURUGUARA'),(90,114,'EL PAUJÍ'),(91,114,'INDEPENDENCIA'),(92,114,'MAPARARÍ'),(93,115,'AGUA LINDA'),(94,115,'ARAURIMA'),(95,115,'JACURA'),(96,116,'JUDIBANA'),(97,116,'LOS TAQUES'),(98,117,'CASIGUA'),(99,117,'MENE DE MAUROA'),(100,117,'SAN FÉLIX'),(101,118,'GUZMÁN GUILLERMO'),(102,118,'MITARE'),(103,118,'RÍO SECO'),(104,118,'SABANETA'),(105,118,'SAN ANTONIO'),(106,118,'SAN GABRIEL'),(107,118,'SANTA ANA'),(108,119,'BOCA DE TOCUYO'),(109,119,'CHICHIRIVICHE'),(110,119,'TOCUYO DE LA COSTA'),(111,12,'FRANCISCO DEL CARMEN CARVAJAL VALLE DE GUANAPE'),(112,12,'SANTA BÁRBARA SANTA BÁRBARA'),(113,120,'NO TIENE PARROQUIA'),(114,121,'CABURE'),(115,121,'COLINA'),(116,121,'CURIMAGUA'),(117,122,'PÍRITU'),(118,122,'SAN JOSÉ DE LA COSTA'),(119,123,'NO TIENE PARROQUIA'),(120,124,'BOCA DE AROA'),(121,124,'TUCACAS'),(122,125,'PECAYA'),(123,125,'SUCRE'),(124,126,'NO TIENE PARROQUIA'),(125,127,'EL CHARAL'),(126,127,'LAS VEGAS DEL TUY'),(127,127,'SANTA CRUZ DE BUCARAL'),(128,128,'BRUZUAL'),(129,128,'URUMACO'),(130,129,'LA CIÉNAGA'),(131,129,'LA SOLEDAD'),(132,129,'PUEBLO CUMAREBO'),(133,129,'PUERTO CUMAREBO'),(134,129,'ZAZÁRIDA'),(135,13,'ATAPIRIRE'),(136,13,'BOCA DEL PAO BOCA DEL PAO'),(137,13,'EL PAO'),(138,13,'FRANCISCO DE MIRANDA PARIAGUÁN'),(139,13,'MÚCURA'),(140,130,'CAMAGUÁN'),(141,130,'PUERTO MIRANDA'),(142,130,'UVERITO'),(143,131,'CHAGUARAMAS'),(144,132,'EL SOCORRO'),(145,133,'CAZORLA'),(146,133,'MUNICIPIO SAN GERÓNIMO DE GUAYABAL'),(147,133,'SAN GERÓNIMO DE GUAYABAL'),(148,134,'CAPITAL VALLE DE LA PASCUA'),(149,134,'ESPINO'),(150,135,'CABRUTA'),(151,135,'LAS MERCEDES'),(152,135,'SANTA RITA DE MANAPIRE'),(153,136,'EL SOMBRERO'),(154,136,'SOSA'),(155,137,'CALABOZO'),(156,137,'EL CALVARIO'),(157,137,'EL RASTRO'),(158,137,'GUARDATINAJAS'),(159,138,'ALTAGRACIA DE ORITUCO'),(160,138,'LEZAMA'),(161,138,'LIBERTAD DE ORITUCO'),(162,138,'PASO REAL DE MACAIRA'),(163,138,'SAN FRANCISCO DE MACAIRA'),(164,138,'SAN RAFAEL DE ORITUCO'),(165,138,'SOUBLETTE'),(166,139,'ORTIZ'),(167,139,'SAN FRANCISCO DE TIZNADO'),(168,139,'SAN JOSÉ DE TIZNADO'),(169,139,'SAN LORENZO DE TIZNADO'),(170,14,'CHORRERÓN'),(171,14,'GUANTA'),(172,140,'SAN RAFAEL DE LAYA'),(173,140,'TUCUPIDO'),(174,141,'CANTAGALLO'),(175,141,'PARAPARA'),(176,141,'SAN JUAN DE LOS MORROS'),(177,142,'SAN JOSÉ DE GUARIBE'),(178,143,'ALTAMIRA'),(179,143,'SANTA MARÍA DE IPIRE'),(180,144,'SAN JOSÉ DE UNARE'),(181,144,'ZARAZA'),(182,145,'PÍO TAMAYO'),(183,145,'QUEBRADA HONDA DE GUACHE'),(184,145,'YACAMBÚ'),(185,146,'FRÉITEZ'),(186,146,'JOSÉ MARÍA BLANCO'),(187,147,'AGUEDO FELIPE ALVARADO'),(188,147,'BUENA VISTA'),(189,147,'CATEDRAL'),(190,147,'CONCEPCIÓN'),(191,147,'EL CUJÍ'),(192,147,'JUAN DE VILLEGAS'),(193,147,'JUÁREZ'),(194,147,'SANTA ROSA'),(195,147,'TAMACA'),(196,147,'UNIÓN'),(197,148,'CORONEL MARIANO PERAZA'),(198,148,'CUARA'),(199,148,'DIEGO DE LOZADA'),(200,148,'JOSÉ BERNARDO DORANTE'),(201,148,'JUAN BAUTISTA RODRÍGUEZ'),(202,148,'PARAÍSO DE SAN JOSÉ'),(203,148,'SAN MIGUEL'),(204,148,'TINTORERO'),(205,149,'ANZOÁTEGUI'),(206,149,'BOLÍVAR'),(207,149,'GUARICO'),(208,149,'HILARIO LUNA Y LUNA'),(209,149,'HUMOCARO ALTO'),(210,149,'HUMOCARO BAJO'),(211,149,'LA CANDELARIA'),(212,149,'MORÁN'),(213,15,'SOLEDAD'),(214,15,'MAMO'),(215,150,'AGUA VIVA'),(216,150,'CABUDARE'),(217,150,'JOSÉ GREGORIO BASTIDAS'),(218,151,'BURÍA'),(219,151,'GUSTAVO VEGAS LEÓN'),(220,151,'SARARE'),(221,152,'ALTAGRACIA'),(222,152,'ANTONIO DÍAZ'),(223,152,'CAMACARO'),(224,152,'CASTAÑEDA'),(225,152,'CECILIO ZUBILLAGA'),(226,152,'CHIQUINQUIRÁ'),(227,152,'EL BLANCO'),(228,152,'ESPINOZA DE LOS MONTEROS'),(229,152,'HERIBERTO ARROYO'),(230,152,'LARA'),(231,152,'LAS MERCEDES'),(232,152,'MANUEL MORILLO'),(233,152,'MONTAÑA VERDE'),(234,152,'MONTES DE OCA'),(235,152,'REYES VARGAS'),(236,152,'TORRES'),(237,152,'TRINIDAD SAMUEL'),(238,153,'MOROTURO'),(239,153,'SAN MIGUEL'),(240,153,'SIQUISIQUE'),(241,153,'XAGUAS'),(242,154,'GABRIEL PICÓN GONZÁLEZ'),(243,154,'HÉCTOR AMABLE MORA'),(244,154,'JOSÉ NUCETE SARDI'),(245,154,'PRESIDENTE BETANCOURT'),(246,154,'PRESIDENTE PÁEZ'),(247,154,'PRESIDENTE RÓMULO GALLEGOS'),(248,154,'PULIDO MÉNDEZ'),(249,155,'NO TIENE PARROQUIA'),(250,156,'CAPITAL ANTONIO PINTO SALINAS'),(251,156,'MESA BOLÍVAR'),(252,156,'MESA DE LAS PALMAS'),(253,157,'ARICAGUA'),(254,157,'SAN ANTONIO'),(255,158,'ARZOBISPO CHACÓN'),(256,158,'CAPURÍ'),(257,158,'CHACANTÁ'),(258,158,'EL MOLINO'),(259,158,'GUAIMARAL'),(260,158,'MUCUCHACHÍ'),(261,158,'MUCUTUY'),(262,159,'ACEQUIAS'),(263,159,'FERNÁNDEZ PEÑA'),(264,159,'JAJÍ'),(265,159,'LA MESA'),(266,159,'MATRIZ'),(267,159,'MONTALBÁN'),(268,159,'SAN JOSÉ DEL SUR'),(269,16,'POZUELOS'),(270,16,'PUERTO LA CRUZ'),(271,160,'CARACCIOLO PARRA OLMEDO'),(272,160,'FLORENCIO RAMÍREZ'),(273,161,'CARDENAL QUINTERO'),(274,161,'LAS PIEDRAS'),(275,162,'GUARAQUE'),(276,162,'MESA DE QUINTERO'),(277,162,'RÍO NEGRO'),(278,163,'JULIO CÉSAR SALAS'),(279,163,'PALMIRA'),(280,164,'JUSTO BRICEÑO'),(281,164,'SAN CRISTÓBAL DE TORONDOY'),(282,165,'ANTONIO SPINETTI DINI'),(283,165,'ARIAS'),(284,165,'CARACCIOLO PARRA PÉREZ'),(285,165,'DOMINGO PEÑA'),(286,165,'EL LLANO'),(287,165,'EL MORRO'),(288,165,'GONZALO PICÓN FEBRES'),(289,165,'JACINTO PLAZA'),(290,165,'JUAN RODRÍGUEZ SUÁREZ'),(291,165,'LASSO DE LA VEGA'),(292,165,'LOS NEVADOS'),(293,165,'MARIANO PICÓN SALAS'),(294,165,'MILLA'),(295,165,'OSUNA RODRÍGUEZ'),(296,165,'SAGRARIO'),(297,166,'ANDRÉS ELOY BLANCO'),(298,166,'LA VENTA'),(299,166,'MIRANDA'),(300,166,'PIÑANGO'),(301,167,'ELOY PAREDES'),(302,167,'OBISPO RAMOS DE LORA'),(303,167,'SAN RAFAEL DE ALCÁZAR'),(304,168,'NO TIENE PARROQUIA'),(305,169,'NO TIENE PARROQUIA'),(306,17,'JUAN MANUEL CAJIGAL ONOTO'),(307,17,'SAN PABLO SAN PABLO'),(308,170,'CACUTE'),(309,170,'LA TOMA'),(310,170,'MUCURUBÁ'),(311,170,'RANGEL'),(312,170,'SAN RAFAEL'),(313,171,'GERÓNIMO MALDONADO'),(314,171,'RIVAS DÁVILA'),(315,172,'NO TIENE PARROQUIA'),(316,173,'CHIGUARÁ'),(317,173,'ESTÁNQUES'),(318,173,'LA TRAMPA'),(319,173,'PUEBLO NUEVO DEL SUR'),(320,173,'SAN JUAN'),(321,173,'SUCRE'),(322,174,'EL AMPARO'),(323,174,'EL LLANO'),(324,174,'SAN FRANCISCO'),(325,174,'TOVAR'),(326,175,'INDEPENDENCIA PALMARITO'),(327,175,'MARÍA DE LA CONCEP. PALACIOS BLANCO'),(328,175,'SANTA APOLONIA'),(329,175,'TULIO FEBRES CORDERO'),(330,176,'CAÑO EL TIGRE'),(331,176,'ZEA'),(332,177,'ARAGÜITA'),(333,177,'ARÉVALO GONZÁLEZ'),(334,177,'CAPAYA'),(335,177,'CAUCAGUA'),(336,177,'EL CAFÉ'),(337,177,'MARIZAPA'),(338,177,'PANAQUIRE'),(339,177,'RIBAS'),(340,178,'CUMBO'),(341,178,'SAN JOSÉ DE BARLOVENTO'),(342,179,'EL CAFETAL'),(343,179,'LAS MINAS DE BARUTA'),(344,179,'NUESTRA SEÑORA DEL ROSARIO DE BARUTA'),(345,18,'JOSÉ GREGORIO MONAGAS MAPIRE'),(346,18,'PIAR'),(347,18,'SAN DIEGO DE CABRUTICA SAN DIEGO DE CABRUTICA'),(348,18,'SANTA CLARA'),(349,18,'UVERITO'),(350,18,'ZUATA'),(351,180,'CURIEPE'),(352,180,'HIGUEROTE'),(353,180,'TACARIGUA'),(354,181,'MAMPORAL'),(355,182,'CARRIZAL'),(356,183,'CHACAO'),(357,184,'CHARALLAVE'),(358,184,'LAS BRISAS'),(359,185,'ALTAGRACIA DE LA MONTAÑA'),(360,185,'CECILIO ACOSTA'),(361,185,'EL JARILLO'),(362,185,'LOS TEQUES'),(363,185,'PARACOTOS'),(364,185,'SAN PEDRO'),(365,185,'TÁCATA'),(366,186,'EL CARTANAL'),(367,186,'SANTA TERESA DEL TUY'),(368,187,'LA DEMOCRACIA'),(369,187,'OCUMARE DEL TUY'),(370,187,'SANTA BÁRBARA'),(371,188,'SAN ANTONIO DE LOS ALTOS'),(372,189,'EL GUAPO'),(373,189,'PAPARO'),(374,189,'RÍO CHICO'),(375,189,'SAN FERNANDO DEL GUAPO'),(376,189,'TACARIGUA DE LA LAGUNA'),(377,19,'EL CARITO'),(378,19,'SANTA INÉS'),(379,190,'SANTA LUCÍA'),(380,191,'CÚPIRA'),(381,191,'MACHURUCUTO'),(382,192,'GUARENAS'),(383,193,'SAN ANTONIO DE YARE'),(384,193,'SAN FRANCISCO DE YARE'),(385,194,'CAUCAGÜITA'),(386,194,'FILA DE MARICHE'),(387,194,'LA DOLORITA'),(388,194,'LEONCIO MARTÍNEZ'),(389,194,'PETARE'),(390,195,'CÚA'),(391,195,'NUEVA CÚA'),(392,196,'BOLÍVAR'),(393,196,'GUATIRE'),(394,197,'ACOSTA'),(395,197,'SAN FRANCISCO'),(396,198,'NO TIENE PARROQUIA'),(397,199,'NO TIENE PARROQUIA'),(398,2,'HUACHAMACARE'),(399,2,'MARAWAKA'),(400,2,'MAVACA'),(401,2,'SIERRA PARIMA'),(402,20,'GUANAPE'),(403,20,'MANUEL EZEQUIEL BRUZUAL'),(404,20,'SABANA DE UCHIRE'),(405,200,'CARIPE'),(406,200,'EL GUÁCHARO'),(407,200,'LA GUANOTA'),(408,200,'SABANA DE PIEDRA'),(409,200,'SAN AGUSTÍN'),(410,200,'TERESÉN'),(411,201,'AREO'),(412,201,'CEDEÑO'),(413,201,'SAN FÉLIX'),(414,201,'VIENTO FRESCO'),(415,202,'CHAGUARAMAS'),(416,202,'LAS ALHUACAS'),(417,202,'LIBERTADOR'),(418,202,'TABASCA'),(419,203,'ALTO DE LOS GODOS'),(420,203,'BOQUERÓN'),(421,203,'EL COROZO'),(422,203,'EL FURRIAL'),(423,203,'JUSEPÍN'),(424,203,'LA PICA'),(425,203,'LAS COCUIZAS'),(426,203,'MATURÍN'),(427,203,'SAN SIMÓN'),(428,203,'SAN VICENTE'),(429,203,'SANTA CRUZ'),(430,204,'APARICIO'),(431,204,'CHAGUARAMAL'),(432,204,'EL PINTO'),(433,204,'GUANAGUANA'),(434,204,'LA TOSCANA'),(435,204,'PIAR'),(436,204,'TAGUAYA'),(437,205,'CACHIPO'),(438,205,'PUNCERES'),(439,206,'NO TIENE PARROQUIA'),(440,207,'LOS BARRANCOS DE FAJARDO'),(441,207,'SOTILLO'),(442,208,'NO TIENE PARROQUIA'),(443,209,'NO TIENE PARROQUIA'),(444,21,'LIBERTADOR'),(445,21,'PEDRO MARÍA FRÉITES'),(446,21,'SANTA ROSA'),(447,21,'URICA'),(448,210,'NO TIENE PARROQUIA'),(449,211,'DÍAZ'),(450,211,'MUNICIPIO DÍAZ'),(451,211,'ZABALA'),(452,212,'FRANCISCO FAJARDO'),(453,212,'GARCÍA'),(454,213,'BOLÍVAR'),(455,213,'GÓMEZ'),(456,213,'GUEVARA'),(457,213,'MATASIETE'),(458,213,'SUCRE'),(459,214,'AGUIRRE'),(460,214,'MANEIRO'),(461,215,'ADRIÁN'),(462,215,'MARCANO'),(463,216,'NO TIENE PARROQUIA'),(464,217,'PENÍNSULA DE MACANAO'),(465,217,'SAN FRANCISCO'),(466,218,'LOS BARALES'),(467,218,'TUBORES'),(468,219,'VICENTE FUENTES'),(469,219,'VILLALBA'),(470,22,'CAPITAL PÍRITU'),(471,22,'SAN FRANCISCO'),(472,220,'NO TIENE PARROQUIA'),(473,221,'ARAURE'),(474,221,'RÍO ACARIGUA'),(475,222,'ESTELLER'),(476,222,'UVERAL'),(477,223,'CÓRDOBA'),(478,223,'GUANARE'),(479,223,'SAN JOSÉ DE LA MONTAÑA'),(480,223,'SAN JUAN DE GUANAGUANARE'),(481,223,'VIRGEN DE LA COROMOTO'),(482,224,'DIVINA PASTORA'),(483,224,'GUANARITO'),(484,224,'TRINIDAD DE LA CAPILLA'),(485,225,'MONS. JOSÉ VICENTE DE UNDA'),(486,225,'PEÑA BLANCA'),(487,226,'APARICIÓN'),(488,226,'LA ESTACIÓN'),(489,226,'OSPINO'),(490,227,'PÁEZ'),(491,227,'PAYARA'),(492,227,'PIMPINELA'),(493,227,'RAMÓN PERAZA'),(494,228,'CAÑO DELGADITO'),(495,228,'PAPELÓN'),(496,229,'ANTOLÍN TOVAR'),(497,229,'SAN GENARO DE BOCONOITO'),(498,23,'NO TIENE PARROQUIA'),(499,230,'SAN RAFAEL DE ONOTO'),(500,230,'SANTA FE'),(501,230,'THERMO MORLES'),(502,231,'FLORIDA'),(503,231,'SANTA ROSALÍA'),(504,232,'CONCEPCIÓN'),(505,232,'SAN JOSÉ DE SAGUAZ'),(506,232,'SAN RAFAEL DE PALO ALZADO'),(507,232,'SUCRE'),(508,232,'UVENCIO ANTONIO VELÁSQUEZ'),(509,232,'VILLA ROSA'),(510,233,'CANELONES'),(511,233,'SAN ISIDRO'),(512,233,'SANTA CRUZ'),(513,233,'TURÉN'),(514,234,'MARIÑO'),(515,234,'RÓMULO GALLEGOS'),(516,235,'SAN JOSÉ DE AEROCUAR'),(517,235,'TAVERA ACOSTA'),(518,236,'ANTONIO JOSÉ DE SUCRE'),(519,236,'EL MORRO DE PUERTO SANTO'),(520,236,'PUERTO SANTO'),(521,236,'RÍO CARIBE'),(522,236,'SAN JUAN DE LAS GALDONAS'),(523,237,'EL PILAR'),(524,237,'EL RINCÓN'),(525,237,'GENERAL FRANCISCO ANTONIO VÁSQUEZ'),(526,237,'GUARAÚNOS'),(527,237,'TUNAPUICITO'),(528,237,'UNIÓN'),(529,238,'BOLÍVAR'),(530,238,'MACARAPANA'),(531,238,'SANTA CATALINA'),(532,238,'SANTA ROSA'),(533,238,'SANTA TERESA'),(534,239,'NO TIENE PARROQUIA'),(535,24,'BOCA DE CHÁVEZ'),(536,24,'SAN JUAN DE CAPISTRANO'),(537,240,'EL PAUJIL'),(538,240,'LIBERTAD'),(539,240,'YAGUARAPARO'),(540,241,'ARAYA'),(541,241,'CHACOPATA'),(542,241,'MANICUARE'),(543,242,'CAMPO CLARO'),(544,242,'IRAPA'),(545,242,'MARABAL'),(546,242,'SAN ANTONIO DE IRAPA'),(547,242,'SORO'),(548,243,'NO TIENE PARROQUIA'),(549,244,'ARENAS'),(550,244,'ARICAGUA'),(551,244,'COCOLLAR'),(552,244,'CUMANACOA'),(553,244,'SAN FERNANDO'),(554,244,'SAN LORENZO'),(555,245,'CARIACO'),(556,245,'CATUARO'),(557,245,'RENDÓN VILLA'),(558,245,'SANTA CRUZ'),(559,245,'SANTA MARÍA'),(560,246,'ALTAGRACIA'),(561,246,'AYACUCHO'),(562,246,'GRAN MARISCAL'),(563,246,'RAÚL LEONI'),(564,246,'SAN JUAN'),(565,246,'SANTA INÉS'),(566,246,'VALENTÍN VALIENTE'),(567,247,'BIDEAU'),(568,247,'CRISTÓBAL COLÓN'),(569,247,'GÜIRIA'),(570,247,'PUNTA DE PIEDRAS'),(571,248,'NO TIENE PARROQUIA'),(572,249,'NO TIENE PARROQUIA'),(573,25,'PUEBLO NUEVO'),(574,25,'SANTA ANA'),(575,250,'AYACUCHO'),(576,250,'RIVAS BERTI'),(577,250,'SAN PEDRO DEL RÍO'),(578,251,'BOLÍVAR'),(579,251,'ISAÍAS MEDINA ANGARITA'),(580,251,'JUAN VICENTE GÓMEZ'),(581,251,'PALOTAL'),(582,252,'AMENODORO RANGEL LAMÚS'),(583,252,'CÁRDENAS'),(584,252,'LA FLORIDA'),(585,253,'NO TIENE PARROQUIA'),(586,254,'ALBERTO ADRIANI'),(587,254,'FERNÁNDEZ FEO'),(588,254,'SANTO DOMINGO'),(589,255,'NO TIENE PARROQUIA'),(590,256,'BOCA DE GRITA'),(591,256,'GARCÍA DE HEVIA'),(592,256,'JOSÉ ANTONIO PÁEZ'),(593,257,'NO TIENE PARROQUIA'),(594,258,'INDEPENDENCIA'),(595,258,'JUAN GERMÁN ROSCIO'),(596,258,'ROMÁN CÁRDENAS'),(597,259,'EMILIO CONSTANTINO GUERRERO'),(598,259,'JÁUREGUI'),(599,259,'MONSEÑOR MIGUEL ANTONIO SALAS'),(600,26,'BERGANTÍN'),(601,26,'CAIGUA'),(602,26,'EL CARMEN'),(603,26,'EL PILAR'),(604,26,'NARICUAL'),(605,26,'SAN CRISTÓBAL'),(606,260,'NO TIENE PARROQUIA'),(607,261,'BRAMÓN'),(608,261,'JUNÍN'),(609,261,'LA PETRÓLEA'),(610,261,'QUINIMARÍ'),(611,262,'CIPRIANO CASTRO'),(612,262,'LIBERTAD'),(613,262,'MANUEL FELIPE RUGELES'),(614,263,'DON EMETERIO OCHOA'),(615,263,'DORADAS'),(616,263,'LIBERTADOR'),(617,263,'SAN JOAQUÍN DE NAVAY'),(618,264,'CONSTITUCIÓN'),(619,264,'LOBATERA'),(620,265,'NO TIENE PARROQUIA'),(621,266,'LA PALMITA'),(622,266,'PANAMERICANO'),(623,267,'NUEVA ARCADIA'),(624,267,'PEDRO MARÍA UREÑA'),(625,268,'NO TIENE PARROQUIA'),(626,269,'BOCONÓ'),(627,269,'HERNÁNDEZ'),(628,269,'SAMUEL DARÍO MALDONADO'),(629,27,'EDMUNDO BARRIOS'),(630,27,'MIGUEL OTERO SILVA'),(631,270,'DR. FRANCISCO ROMERO LOBO'),(632,270,'LA CONCORDIA'),(633,270,'PEDRO MARÍA MORANTES'),(634,270,'SAN JUAN BAUTISTA'),(635,270,'SAN SEBASTIÁN'),(636,271,'NO TIENE PARROQUIA'),(637,272,'NO TIENE PARROQUIA'),(638,273,'ELEAZAR LÓPEZ CONTRERAS'),(639,273,'SAN PABLO'),(640,273,'SUCRE'),(641,274,'NO TIENE PARROQUIA'),(642,275,'CÁRDENAS'),(643,275,'JUAN PABLO PEÑALOZA'),(644,275,'POTOSÍ'),(645,275,'URIBANTE'),(646,276,'NO TIENE PARROQUIA'),(647,277,'ARAGUANEY'),(648,277,'EL JAGÜITO'),(649,277,'LA ESPERANZA'),(650,277,'SANTA ISABEL'),(651,278,'AYACUCHO'),(652,278,'BOCONÓ'),(653,278,'BURBUSAY'),(654,278,'EL CARMEN'),(655,278,'GENERAL RIVAS'),(656,278,'GUARAMACAL'),(657,278,'MONSEÑOR JÁUREGUI'),(658,278,'MOSQUEY'),(659,278,'RAFAEL RANGEL'),(660,278,'SAN JOSÉ'),(661,278,'SAN MIGUEL'),(662,278,'VEGA DE GUARAMACAL'),(663,279,'CHEREGÜÉ'),(664,279,'GRANADOS'),(665,279,'SABANA GRANDE'),(666,28,'SIR ARTHUR MC GREGOR'),(667,28,'TOMÁS ALFARO CALATRAVA'),(668,280,'ARNOLDO GABALDÓN'),(669,280,'BOLIVIA'),(670,280,'CARRILLO'),(671,280,'CEGARRA'),(672,280,'CHEJENDÉ'),(673,280,'MANUEL SALVADOR ULLOA'),(674,280,'SAN JOSÉ'),(675,281,'CARACHE'),(676,281,'CUICAS'),(677,281,'LA CONCEPCIÓN'),(678,281,'PANAMERICANA'),(679,281,'SANTA CRUZ'),(680,282,'ESCUQUE'),(681,282,'LA UNIÓN'),(682,282,'SABANA LIBRE'),(683,282,'SANTA RITA'),(684,283,'ANTONIO JOSÉ DE SUCRE'),(685,283,'EL SOCORRO'),(686,283,'JOSÉ FELIPE MÁRQUEZ CAÑIZALES EL PARADERO'),(687,283,'LOS CAPRICHOS'),(688,284,'ARNOLDO GABALDÓN'),(689,284,'CAMPO ELÍAS'),(690,285,'EL PROGRESO'),(691,285,'LA CEIBA'),(692,285,'SANTA APOLONIA'),(693,285,'TRES DE FEBRERO'),(694,286,'AGUA CALIENTE'),(695,286,'AGUA SANTA'),(696,286,'EL CENIZO'),(697,286,'EL DIVIDIVE'),(698,286,'VALERITA'),(699,287,'BUENA VISTA'),(700,287,'MONTE CARMELO'),(701,287,'SANTA MARÍA DEL HORCÓN'),(702,288,'EL BAÑO'),(703,288,'JALISCO'),(704,288,'MOTATÁN'),(705,289,'FLOR DE PATRIA'),(706,289,'LA PAZ'),(707,289,'PAMPÁN'),(708,289,'SANTA ANA'),(709,29,'DIEGO BAUTISTA URBANEJA'),(710,29,'EL MORRO'),(711,290,'LA CONCEPCIÓN'),(712,290,'PAMPANITO'),(713,290,'PAMPANITO II'),(714,291,'BETIJOQUE'),(715,291,'JOSÉ GREGORIO HERNÁNDEZ'),(716,291,'LA PUEBLITA'),(717,291,'LOS CEDROS'),(718,292,'ANTONIO NICOLÁS BRICEÑO'),(719,292,'CAMPO ALEGRE'),(720,292,'CARVAJAL'),(721,292,'JOSÉ LEONARDO SUÁREZ'),(722,293,'EL PARAÍSO'),(723,293,'JUNÍN'),(724,293,'SABANA DE MENDOZA'),(725,293,'VALMORE RODRÍGUEZ'),(726,294,'JUAN IGNACIO MONTILLA'),(727,294,'LA BEATRIZ'),(728,294,'LA PUERTA'),(729,294,'MENDOZA'),(730,294,'MERCEDES DÍAZ'),(731,294,'SAN LUIS'),(732,295,'NO TIENE PARROQUIA'),(733,296,'NO TIENE PARROQUIA'),(734,297,'BRUZUAL'),(735,297,'CAMPO ELÍAS'),(736,298,'NO TIENE PARROQUIA'),(737,299,'NO TIENE PARROQUIA'),(738,3,'CANAME'),(739,3,'UCATA'),(740,3,'YAPACANA'),(741,30,'APURITO'),(742,30,'EL YAGUAL'),(743,30,'GUACHARA'),(744,30,'MUCURITAS'),(745,30,'QUESERAS DEL MEDIO'),(746,30,'URBANA'),(747,300,'NO TIENE PARROQUIA'),(748,301,'NO TIENE PARROQUIA'),(749,302,'NO TIENE PARROQUIA'),(750,303,'NIRGUA'),(751,303,'SALOM'),(752,303,'TEMERLA'),(753,304,'PEÑA'),(754,304,'SAN ANDRÉS'),(755,305,'ALBARICO'),(756,305,'SAN FELIPE'),(757,305,'SAN JAVIER'),(758,306,'NO TIENE PARROQUIA'),(759,307,'NO TIENE PARROQUIA'),(760,308,'EL GUAYABO'),(761,308,'MUNICIPIO VEROES'),(762,308,'VEROES'),(763,309,'ISLA DE TOAS'),(764,309,'MONAGAS'),(765,31,'URBANA BIRUACA'),(766,310,'GENERAL URDANETA'),(767,310,'LIBERTADOR'),(768,310,'MANUEL GUANIPA MATOS'),(769,310,'MARCELINO BRICEÑO'),(770,310,'PUEBLO NUEVO'),(771,310,'SAN TIMOTEO'),(772,311,'AMBROSIO'),(773,311,'ARÍSTIDES CALVANI'),(774,311,'CARMEN HERRERA'),(775,311,'GERMÁN RÍOS LINARES'),(776,311,'JORGE HERNÁNDEZ'),(777,311,'LA ROSA'),(778,311,'PUNTA GORDA'),(779,311,'RÓMULO BETANCOURT'),(780,311,'SAN BENITO'),(781,312,'ENCONTRADOS'),(782,312,'UDÓN PÉREZ'),(783,313,'MORALITO'),(784,313,'SAN CARLOS DEL ZULIA'),(785,313,'SANTA BÁRBARA'),(786,313,'SANTA CRUZ DEL ZULIA'),(787,313,'URRIBARRI'),(788,314,'AGUSTÍN CODAZZI'),(789,314,'CARLOS QUEVEDO'),(790,314,'FRANCISCO JAVIER PULGAR'),(791,314,'SIMÓN RODRÍGUEZ'),(792,315,'JOSÉ RAMÓN YEPES'),(793,315,'LA CONCEPCIÓN'),(794,315,'MARIANO PARRA LEÓN'),(795,315,'SAN JOSÉ'),(796,316,'BARÍ'),(797,316,'JESÚS MARÍA SEMPRÚN'),(798,317,'ANDRÉS BELLO'),(799,317,'CHIQUINQUIRÁ'),(800,317,'CONCEPCIÓN'),(801,317,'EL CARMELO'),(802,317,'POTRERITOS'),(803,318,'ALONSO DE OJEDA'),(804,318,'CAMPO LARA'),(805,318,'EL DANTO'),(806,318,'ELEAZAR LÓPEZ CONTRERAS'),(807,318,'LIBERTAD'),(808,318,'VENEZUELA'),(809,319,'BARTOLOMÉ DE LAS CASAS'),(810,319,'LIBERTAD'),(811,319,'RÍO NEGRO'),(812,319,'SAN JOSÉ DE PERIJÁ'),(813,32,'MANTECAL'),(814,32,'QUINTERO'),(815,32,'RINCÓN HONDO'),(816,32,'SAN VICENTE'),(817,32,'URBANA'),(818,320,'LA SIERRITA'),(819,320,'LAS PARCELAS'),(820,320,'LUIS DE VICENTE'),(821,320,'MONSEÑOR MARCOS SERGIO GODOY'),(822,320,'RICAURTE'),(823,320,'SAN RAFAEL'),(824,320,'TAMARE'),(825,321,'ANTONIO BORJAS ROMERO'),(826,321,'BOLÍVAR'),(827,321,'CACIQUE MARA'),(828,321,'CARACCIOLO PARRA PÉREZ'),(829,321,'CECILIO ACOSTA'),(830,321,'CHIQUINQUIRÁ'),(831,321,'COQUIVACOA'),(832,321,'CRISTO DE ARANZA'),(833,321,'FRANCISCO EUGENIO BUSTAMANTE'),(834,321,'IDELFONSO VÁSQUEZ'),(835,321,'JUANA DE ÁVILA'),(836,321,'LUIS HURTADO HIGUERA'),(837,321,'MANUEL DAGNINO'),(838,321,'OLEGARIO VILLALOBOS'),(839,321,'RAÚL LEONI'),(840,321,'SAN ISIDRO'),(841,321,'SANTA LUCÍA'),(842,321,'VENANCIO PULGAR'),(843,322,'ALTAGRACIA'),(844,322,'ANA MARÍA CAMPOS'),(845,322,'FARÍA'),(846,322,'JOSÉ ANTONIO CHAVES'),(847,322,'SAN ANTONIO'),(848,322,'SAN JOSÉ'),(849,323,'ALTA GUAJIRA'),(850,323,'ELÍAS SÁNCHEZ RUBIO'),(851,323,'GUAJIRA'),(852,323,'SINAMAICA'),(853,324,'DONALDO GARCÍA'),(854,324,'EL ROSARIO'),(855,324,'SIXTO ZAMBRANO'),(856,325,'DOMITILA FLORES'),(857,325,'EL BAJO'),(858,325,'FRANCISCO OCHOA'),(859,325,'JOSÉ DOMINGO RUS'),(860,325,'LOS CORTIJOS'),(861,325,'MARCIAL HERNÁNDEZ'),(862,325,'SAN FRANCISCO'),(863,326,'EL MENE'),(864,326,'JOSÉ CENOVIO URRIBARRI'),(865,326,'PEDRO LUCAS URRIBARRI'),(866,326,'SANTA RITA'),(867,327,'MANUEL MANRIQUE'),(868,327,'RAFAEL MARÍA BARALT'),(869,327,'RAFAEL URDANETA'),(870,328,'BOBURES'),(871,328,'EL BATEY'),(872,328,'GIBRALTAR'),(873,328,'HERAS'),(874,328,'MONSEÑOR ARTURO CELESTINO ÁLVAREZ'),(875,328,'RÓMULO GALLEGOS'),(876,329,'LA VICTORIA'),(877,329,'RAFAEL URDANETA'),(878,329,'RAÚL CUENCA'),(879,33,'ARAMENDI'),(880,33,'EL AMPARO'),(881,33,'SAN CAMILO'),(882,33,'URBANA'),(883,33,'URDANETA'),(884,330,'CARABALLEDA'),(885,330,'CARAYACA'),(886,330,'CARLOS SOUBLETTE'),(887,330,'CARUAO'),(888,330,'CATIA LA MAR'),(889,330,'EL JUNKO'),(890,330,'LA GUAIRA'),(891,330,'MACUTO'),(892,330,'MAIQUETÍA'),(893,330,'NAIGUATÁ'),(894,330,'URIMARE'),(895,331,'EL HATILLO'),(896,332,'EL TEJERO'),(897,332,'EZEQUIEL ZAMORA'),(898,334,'CAMPO ELÍAS'),(899,334,'TUNAPUY'),(900,293,'ANDRÉS LINARES'),(901,293,'CHIQUINQUIRÁ'),(902,293,'CRISTÓBAL MENDOZA'),(903,293,'CRUZ CARRILLO'),(904,293,'MATRIZ'),(905,293,'MONSEÑOR CARRILLO'),(906,293,'TRES ESQUINAS'),(907,34,'CODAZZI'),(908,34,'CUNAVICHE'),(909,34,'SAN JUAN DE PAYARA SAN JUAN DE PAYARA'),(910,333,'CABIMBÚ'),(911,333,'JAJÓ'),(912,333,'LA MESA'),(913,333,'LA QUEBRADA'),(914,333,'SANTIAGO'),(915,333,'TUÑAME'),(916,35,'LA TRINIDAD'),(917,35,'URBANA'),(918,36,'EL RECREO'),(919,36,'PEÑALVER'),(920,36,'SAN FERNANDO'),(921,36,'SAN RAFAEL DE ATAMAICA'),(922,37,'NO TIENE PARROQUIA'),(923,38,'CAMATAGUA'),(924,38,'CARMEN DE CURA'),(925,39,'ANDRÉS ELOY BLANCO'),(926,39,'CHORONÍ'),(927,39,'JOAQUÍN CRESPO'),(928,39,'JOSÉ CASANOVA GODOY'),(929,39,'LAS DELICIAS'),(930,39,'LOS TACARIGUAS MARACAY'),(931,39,'MADRE MARÍA DE SAN JOSÉ'),(932,39,'PEDRO JOSÉ OVALLES'),(933,4,'FERNANDO GIRÓN TOVAR'),(934,4,'LUIS ALBERTO GÓMEZ'),(935,4,'PARHUEÑA'),(936,4,'PLATANILLAL'),(937,40,'NO TIENE PARROQUIA'),(938,41,'CASTOR NIEVES RÍOS'),(939,41,'JUAN VICENTE BOLÍVAR Y PONTE'),(940,41,'LAS GUACAMAYAS'),(941,41,'PAO DE ZÁRATE'),(942,41,'ZUATA'),(943,42,'NO TIENE PARROQUIA'),(944,43,'LIBERTADOR'),(945,43,'SAN MARTÍN DE PORRES'),(946,44,'CAÑA DE AZÚCAR'),(947,44,'MARIO BRICEÑO IRAGORRY'),(948,45,'GÜIRIPA'),(949,45,'OLLAS DE CARAMACATE'),(950,45,'SAN CASIMIRO'),(951,45,'VALLE MORÍN'),(952,46,'MUNICIPIO SAN SEBASTIÁN'),(953,47,'ALFREDO PACHECO MIRANDA'),(954,47,'ARÉVALO APONTE'),(955,47,'CHUAO'),(956,47,'MUNICIPIO SANTIAGO MARIÑO'),(957,47,'SAMÁN DE GÜERE'),(958,47,'SANTIAGO MARIÑO'),(959,48,'SANTOS MICHELENA'),(960,48,'TIARA'),(961,49,'BELLA VISTA'),(962,49,'SUCRE'),(963,5,'GUAYAPO'),(964,5,'MUNDUAPO'),(965,5,'SAMARIAPO'),(966,5,'SIPAPO'),(967,50,'NO TIENE PARROQUIA'),(968,51,'LAS PEÑITAS'),(969,51,'SAN FRANCISCO DE CARA'),(970,51,'TAGUAY'),(971,51,'URDANETA'),(972,52,'AUGUSTO MIJARES'),(973,52,'MAGDALENO'),(974,52,'SAN FRANCISCO DE ASÍS'),(975,52,'VALLES DE TUCUTUNEMO'),(976,52,'ZAMORA'),(977,53,'FRANCISCO DE MIRANDA'),(978,53,'FRANCISCO LINARES ALCÁNTARA'),(979,53,'MONSEÑOR FELICIANO GONZÁLEZ'),(980,54,'NO TIENE PARROQUIA'),(981,55,'PARROQUIA RODRÍGUEZ DOMÍNGUEZ'),(982,55,'PARROQUIA SABANETA'),(983,56,'ANDRÉS BELLO'),(984,56,'NICOLÁS PULIDO'),(985,56,'TICOPORO'),(986,57,'GUADARRAMA'),(987,57,'LA UNIÓN'),(988,57,'SAN ANTONIO'),(989,58,'ALFREDO ARVELO LARRIVA'),(990,58,'ALTO BARINAS'),(991,58,'BARINAS'),(992,58,'CORAZÓN DE JESÚS'),(993,58,'DOMINGA ORTIZ DE PÁEZ'),(994,58,'DON RÓMULO BETANCOURT'),(995,58,'EL CARMEN'),(996,58,'JUAN ANTONIO RODRÍGUEZ DOMÍNGUEZ'),(997,58,'MANUEL PALACIO FAJARDO'),(998,58,'RAMÓN IGNACIO MÉNDEZ'),(999,58,'SAN SILVESTRE'),(1000,58,'SANTA INÉS'),(1001,58,'SANTA LUCÍA'),(1002,58,'TORUNOS'),(1003,59,'ALTAMIRA'),(1004,59,'BARINITAS'),(1005,59,'CALDERAS'),(1006,6,'COMUNIDAD'),(1007,6,'VICTORINO'),(1008,60,'BARRANCAS'),(1009,60,'EL SOCORRO'),(1010,60,'MASPARRITO'),(1011,61,'JOSÉ IGNACIO DEL PUMAR'),(1012,61,'PEDRO BRICEÑO MÉNDEZ'),(1013,61,'RAMÓN IGNACIO MÉNDEZ'),(1014,61,'SANTA BÁRBARA'),(1015,62,'EL REAL'),(1016,62,'LA LUZ'),(1017,62,'LOS GUASIMITOS'),(1018,62,'OBISPOS'),(1019,63,'CIUDAD BOLIVIA'),(1020,63,'IGNACIO BRICEÑO'),(1021,63,'JOSÉ FÉLIX RIBAS'),(1022,63,'PÁEZ'),(1023,64,'DOLORES'),(1024,64,'LIBERTAD'),(1025,64,'PALACIOS FAJARDO'),(1026,64,'SANTA ROSA'),(1027,64,'SIMÓN RODRÍGUEZ'),(1028,65,'CIUDAD DE NUTRIAS'),(1029,65,'EL REGALO'),(1030,65,'PUERTO DE NUTRIAS'),(1031,65,'SANTA CATALINA'),(1032,65,'SIMÓN BOLÍVAR'),(1033,66,'EL CANTÓN'),(1034,66,'PUERTO VIVAS'),(1035,66,'SANTA CRUZ DE GUACAS'),(1036,67,'CACHAMAY'),(1037,67,'CHIRICA'),(1038,67,'CINCO DE JULIO'),(1039,67,'DALLA COSTA'),(1040,67,'ONCE DE ABRIL'),(1041,67,'POZO VERDE'),(1042,67,'SIMÓN BOLÍVAR'),(1043,67,'UNARE'),(1044,67,'UNIVERSIDAD'),(1045,67,'VISTA AL SOL'),(1046,67,'YOCOIMA'),(1047,68,'ALTAGRACIA'),(1048,68,'ASCENSIÓN FARRERAS'),(1049,68,'GUANIAMO'),(1050,68,'LA URBANA'),(1051,68,'PIJIGUAOS'),(1052,68,'SECCIÓN CAPITAL CEDEÑO'),(1053,69,'NO TIENE PARROQUIA'),(1054,7,'ALTO VENTUARI'),(1055,7,'BAJO VENTUARI'),(1056,7,'MEDIO VENTUARI'),(1057,70,'IKABARÚ'),(1058,70,'SECCIÓN CAPITAL GRAN SABANA'),(1059,71,'AGUA SALADA'),(1060,71,'CATEDRAL'),(1061,71,'JOSÉ ANTONIO PÁEZ'),(1062,71,'LA SABANITA'),(1063,71,'MARHUANTA'),(1064,71,'ORINOCO'),(1065,71,'PANAPANA'),(1066,71,'VISTA HERMOSA'),(1067,71,'ZEA'),(1068,72,'ANDRÉS ELOY BLANCO'),(1069,72,'PEDRO COVA'),(1070,72,'SECCIÓN CAPITAL PIAR'),(1071,73,'BARCELONETA'),(1072,73,'SAN FRANCISCO'),(1073,73,'SANTA BÁRBARA'),(1074,73,'SECCIÓN CAPITAL ANGOSTURA'),(1075,74,'SALOM'),(1076,74,'SECCIÓN CAPITAL'),(1077,75,'DALLA COSTA'),(1078,75,'SAN ISIDRO'),(1079,75,'SECCIÓN CAPITAL SIFONTES'),(1080,76,'ARIPAO'),(1081,76,'GUARATARO'),(1082,76,'LAS MAJADAS'),(1083,76,'MOITACO'),(1084,76,'SECCIÓN CAPITAL SUCRE'),(1085,77,'NO TIENE PARROQUIA'),(1086,78,'BEJUMA'),(1087,78,'CANOABO'),(1088,78,'SIMÓN BOLÍVAR'),(1089,79,'BELÉN'),(1090,79,'GÜIGÜE'),(1091,79,'TACARIGUA CENTRAL'),(1092,8,'CASIQUIARE'),(1093,8,'COCUY'),(1094,8,'SOLANO'),(1095,80,'AGUAS CALIENTES'),(1096,80,'MARIARA'),(1097,81,'CIUDAD ALIANZA'),(1098,81,'GUACARA'),(1099,81,'YAGUA'),(1100,82,'MORÓN'),(1101,82,'URAMA'),(1102,83,'INDEPENDENCIA'),(1103,83,'TOCUYITO'),(1104,84,'LOS GUAYOS'),(1105,85,'MIRANDA'),(1106,86,'MONTALBÁN MONTALBÁN'),(1107,87,'NAGUANAGUA'),(1108,88,'BARTOLOMÉ SALOM'),(1109,88,'BORBURATA'),(1110,88,'DEMOCRACIA'),(1111,88,'FRATERNIDAD'),(1112,88,'GOAIGOAZA'),(1113,88,'JUAN JOSÉ FLORES'),(1114,88,'PATANEMO'),(1115,88,'UNIÓN'),(1116,89,'SAN DIEGO'),(1117,9,'ANACO'),(1118,9,'BUENA VISTA'),(1119,9,'SAN JOAQUÍN'),(1120,90,'SAN JOAQUÍN'),(1121,91,'CANDELARIA'),(1122,91,'CATEDRAL'),(1123,91,'EL SOCORRO'),(1124,91,'MIGUEL PEÑA'),(1125,91,'NEGRO PRIMERO'),(1126,91,'RAFAEL URDANETA'),(1127,91,'SAN BLAS'),(1128,91,'SAN JOSÉ'),(1129,91,'SANTA ROSA'),(1130,92,'COJEDES'),(1131,92,'JUAN DE MATA SUÁREZ'),(1132,93,'TINAQUILLO'),(1133,94,'EL BAÚL'),(1134,94,'SUCRE'),(1135,95,'LA AGUADITA'),(1136,95,'MACAPO'),(1137,96,'EL PAO'),(1138,97,'EL AMPARO'),(1139,97,'LIBERTAD DE COJEDES'),(1140,98,'RÓMULO GALLEGOS'),(1141,99,'JUAN ÁNGEL BRAVO'),(1142,99,'MANUEL MANRIQUE'),(1143,99,'SAN CARLOS DE AUSTRIA'),(1144,336,'NO TIENE PARROQUIA'),(1145,337,'NO TIENE PARROQUIA'),(1146,335,'NO TIENE PARROQUIA');
/*!40000 ALTER TABLE `parroquias` ENABLE KEYS */;
UNLOCK TABLES;

--
-- Table structure for table `periodos`
--

DROP TABLE IF EXISTS `periodos`;
/*!40101 SET @saved_cs_client     = @@character_set_client */;
/*!50503 SET character_set_client = utf8mb4 */;
CREATE TABLE `periodos` (
  `inicio` int DEFAULT NULL,
  `cierre` int DEFAULT NULL
) ENGINE=InnoDB DEFAULT CHARSET=utf8mb4 COLLATE=utf8mb4_general_ci;
/*!40101 SET character_set_client = @saved_cs_client */;

--
-- Dumping data for table `periodos`
--

LOCK TABLES `periodos` WRITE;
/*!40000 ALTER TABLE `periodos` DISABLE KEYS */;
INSERT INTO `periodos` VALUES (2026,2027);
/*!40000 ALTER TABLE `periodos` ENABLE KEYS */;
UNLOCK TABLES;

--
-- Table structure for table `personal`
--

DROP TABLE IF EXISTS `personal`;
/*!40101 SET @saved_cs_client     = @@character_set_client */;
/*!50503 SET character_set_client = utf8mb4 */;
CREATE TABLE `personal` (
  `id` int NOT NULL AUTO_INCREMENT,
  `cedula` int DEFAULT NULL,
  `nombre` text COLLATE utf8mb4_general_ci,
  `apellido` text COLLATE utf8mb4_general_ci,
  `sexo` varchar(1) COLLATE utf8mb4_general_ci DEFAULT NULL,
  `cargo` text COLLATE utf8mb4_general_ci,
  `tipo_personal` text COLLATE utf8mb4_general_ci,
  `telefono` text COLLATE utf8mb4_general_ci,
  `direccion` text COLLATE utf8mb4_general_ci,
  `correo` text COLLATE utf8mb4_general_ci,
  `foto` text COLLATE utf8mb4_general_ci,
  PRIMARY KEY (`id`) USING BTREE,
  UNIQUE KEY `id` (`id`) USING BTREE,
  UNIQUE KEY `cedula` (`cedula`) USING BTREE
) ENGINE=InnoDB AUTO_INCREMENT=11 DEFAULT CHARSET=utf8mb4 COLLATE=utf8mb4_general_ci ROW_FORMAT=DYNAMIC;
/*!40101 SET character_set_client = @saved_cs_client */;

--
-- Dumping data for table `personal`
--

LOCK TABLES `personal` WRITE;
/*!40000 ALTER TABLE `personal` DISABLE KEYS */;
INSERT INTO `personal` VALUES (2,234556,'MIGUEL','MATA','M','DOCENTE','DOCENTE','(1112) 121-3212','BARCEWLONA','josnepme@lll.com',NULL),(3,1236,'DEISY','SIFONTES','F','JEFE EVALUACION','ADMINISTRATIVO','(0404) 111-1111','BARCELONA','colegio@hotmail.com','1236_1753395434.png'),(4,111,'YONNY','RAMIREZ','M','DIRECTOR','DIRECTIVO','(1111) 111-1111','BARCELONA','TUCORREO@GMAIL.COM','111.png'),(5,11111,'MARILUZ','TUAREZ','F','COORDINADORA','ADMINISTRATIVO','(1111) 111-1111','BARCELONA','tucorreo@gmail.com',NULL),(7,12913479,'JOSE','MAICA','M','ADMINISTRADOR','DOCENTE','(0412) 796-5051','AV COSTANERA, 3RA TRANSVERSAL CALLE LOS MANGLES, CASA # 22 URB OTTO PADRON','tucorreo@gmail.com','12913478.jpg'),(8,8514,'JOS','MR','F','ASEADOR','OBRERO','111','BARCELONA',NULL,NULL),(9,123456,'DOCENTE','DOCENTE','F','DOCENTE','DOCENTE','111','GUANATATA',NULL,NULL),(10,4546,'JOSE','MAICAF','M','PROGRAMADOR','ADMINISTRATIVO','null','AV COSTANERA, 3RA TRANSVERSAL CALLE LOS MANGLES, CASA # 22 URB OTTO PADRON','TUCORREO@GMAIL.COM','4546_1756653232.png');
/*!40000 ALTER TABLE `personal` ENABLE KEYS */;
UNLOCK TABLES;

--
-- Table structure for table `secciones`
--

DROP TABLE IF EXISTS `secciones`;
/*!40101 SET @saved_cs_client     = @@character_set_client */;
/*!50503 SET character_set_client = utf8mb4 */;
CREATE TABLE `secciones` (
  `id` int NOT NULL AUTO_INCREMENT,
  `grado` varchar(2) COLLATE utf8mb4_general_ci DEFAULT NULL,
  `seccion` varchar(1) COLLATE utf8mb4_general_ci DEFAULT NULL,
  `descripcion` text COLLATE utf8mb4_general_ci,
  `descripcion_hash` char(32) COLLATE utf8mb4_general_ci GENERATED ALWAYS AS (md5(`descripcion`)) STORED,
  PRIMARY KEY (`id`),
  UNIQUE KEY `descripcion_hash_UNIQUE` (`descripcion_hash`)
) ENGINE=InnoDB AUTO_INCREMENT=23 DEFAULT CHARSET=utf8mb4 COLLATE=utf8mb4_general_ci;
/*!40101 SET character_set_client = @saved_cs_client */;

--
-- Dumping data for table `secciones`
--

LOCK TABLES `secciones` WRITE;
/*!40000 ALTER TABLE `secciones` DISABLE KEYS */;
INSERT INTO `secciones` (`id`, `grado`, `seccion`, `descripcion`) VALUES (1,'1°','A','1° A'),(2,'1°','B','1° B'),(3,'1°','C','1° C'),(4,'1°','U','1° U'),(5,'2°','A','2° A'),(6,'2°','B','2° B'),(7,'2°','C','2° C'),(8,'2°','U','2° U'),(9,'3°','A','3° A'),(10,'3°','B','3° B'),(11,'3°','C','3° C'),(12,'3°','D','3° D'),(13,'4°','A','4° A'),(14,'4°','B','4° B'),(15,'4°','C','4° C'),(16,'4°','D','4° D'),(17,'5°','A','5° A'),(18,'5°','B','5° B'),(19,'5°','C','5° C'),(20,'5°','D','5° D'),(21,'6°','A','6° A');
/*!40000 ALTER TABLE `secciones` ENABLE KEYS */;
UNLOCK TABLES;

--
-- Table structure for table `usuarios`
--

DROP TABLE IF EXISTS `usuarios`;
/*!40101 SET @saved_cs_client     = @@character_set_client */;
/*!50503 SET character_set_client = utf8mb4 */;
CREATE TABLE `usuarios` (
  `id` int NOT NULL AUTO_INCREMENT,
  `cedula` int DEFAULT NULL,
  `nombre` text COLLATE utf8mb4_general_ci,
  `usuario` text COLLATE utf8mb4_general_ci,
  `usuario_hash` char(32) COLLATE utf8mb4_general_ci GENERATED ALWAYS AS (md5(`usuario`)) STORED,
  `password` text COLLATE utf8mb4_general_ci,
  `rol` text COLLATE utf8mb4_general_ci COMMENT 'DIRECTIVO, ADMINISTRATIVO, PROFESORES',
  `foto` text COLLATE utf8mb4_general_ci,
  `estatus` text CHARACTER SET utf8mb4 COLLATE utf8mb4_general_ci COMMENT 'ACTIVO,INACTIVO',
  PRIMARY KEY (`id`) USING BTREE,
  UNIQUE KEY `usuario_hash_UNIQUE` (`usuario_hash`)
) ENGINE=InnoDB AUTO_INCREMENT=17 DEFAULT CHARSET=utf8mb4 COLLATE=utf8mb4_general_ci;
/*!40101 SET character_set_client = @saved_cs_client */;

--
-- Dumping data for table `usuarios`
--

LOCK TABLES `usuarios` WRITE;
/*!40000 ALTER TABLE `usuarios` DISABLE KEYS */;
INSERT INTO `usuarios` (`id`, `cedula`, `nombre`, `usuario`, `password`, `rol`, `foto`, `estatus`) VALUES (1,12913479,'ADMINISTRADOR DEL SISTEMA','admin','$2y$10$aGqhjetiZ8tX6GTosChqd.9WYF1fB13vWVk/hPa2WbjWIBfmlf1me','ADMINISTRATIVO','admin_1752972041.png','ACTIVO'),(4,111,'YONNY RAMIREZ','yramirez','$2y$10$/oBM7loIwV6T5em3vdHkIOC2LMuSyBFq.l.YWc1O9j0pObtzHVwDW','DIRECTOR','yramirez.png','ACTIVO'),(5,11111,'MARILUZ TUAREZ','Mtuarez','$2y$10$eaAXUVUam.k7tu3KTJnf/.vzkESiptKbf/ItYUcOjYD3FzO4rBL3S','ADMINISTRATIVO','Mtuarez_1753398563.png','ACTIVO'),(8,12345,'JOSE MENESES','prof','$2y$10$alvmB5F9rS8vx6VCDqoloutIM9kWW1rgIbz90WxskT0ZWizkc1uI2','PROFESORES','profesor_1753041283.png','ACTIVO'),(11,234556,'MIGUEL MATA','miguelM','$2y$10$ZReKZL9UuYepGihm5iDV3OGCxFBCptKq4kYUNq0MazriBnRaSwiHG','DIRECTOR','miguelM_1754343105.png','ACTIVO'),(13,12913479,'JOSE N MENESES M','josnepme','$2y$10$NobA4rVjDvhYbaBCsJOVaep8Jm7W52icFyQTgLYEr0Ae/5KKdeKjS','PROFESORES','josnepme.jpg','ACTIVO'),(14,123456,'DOCENTE','doc','$2y$10$xFeamJp.tmCUEehUqVjIru10Ye6UKo87K9UCMAlvUvkWCBiXMRQXi','PROFESORES',NULL,'ACTIVO');
/*!40000 ALTER TABLE `usuarios` ENABLE KEYS */;
UNLOCK TABLES;
/*!40103 SET TIME_ZONE=@OLD_TIME_ZONE */;

/*!40101 SET SQL_MODE=@OLD_SQL_MODE */;
/*!40014 SET FOREIGN_KEY_CHECKS=@OLD_FOREIGN_KEY_CHECKS */;
/*!40014 SET UNIQUE_CHECKS=@OLD_UNIQUE_CHECKS */;
/*!40101 SET CHARACTER_SET_CLIENT=@OLD_CHARACTER_SET_CLIENT */;
/*!40101 SET CHARACTER_SET_RESULTS=@OLD_CHARACTER_SET_RESULTS */;
/*!40101 SET COLLATION_CONNECTION=@OLD_COLLATION_CONNECTION */;
/*!40111 SET SQL_NOTES=@OLD_SQL_NOTES */;

-- Dump completed on 2026-02-21 21:05:59
